orderId,customerId,orderDate,shipDate,status,shippingAddress,totalAmount,extraField1,op,eventTime,seqNum
1ea2657b-f987-4a6d-a0a7-a9b3bb72ad53,c5f46894-7aab-49bc-9245-904bb741953f,2025-10-27 02:17:44,2025-11-05,RETURNED,"C/ Sol, 18",,,U,2025-11-07 13:05:37,2
b2ff880e-8a34-466a-a0ff-dec52d517d3d,36ad948a-d196-4f92-b25c-02d96f79aa19,2025-11-05 00:22:58,2025-11-15,CANCELLED,"C/ Mar, 54",,legacy,U,2025-11-06 05:58:36,2
e5e45aa5-e628-443e-92bd-fd50065269f7,8f92fcf4-5686-4906-b645-246e1349ed3d,2025-10-24 23:57:57,2025-11-01,PAID,"C/ Rio, 64",,,U,2025-11-07 13:39:49,2
892a729a-a1ec-4890-813d-1bd8c167c92a,43c986ac-678a-425a-ac39-43dc81421f70,2025-11-04 01:26:59,2025-11-04,PAID,"C/ Rio, 36",,,U,2025-11-07 23:56:09,2
48dc5747-426f-4aa4-9a0f-5f5a8c7e0b30,73d16c0f-50fc-4ac3-8b0b-990430a0b1aa,2025-10-29 05:15:45,2025-11-02,PAID,"C/ Mar, 57",,,U,2025-11-07 01:26:22,2
00cef83d-c87d-4a41-be02-08520409ac86,af9d460d-dba1-4ce5-a416-e56c0b069d31,2025-10-24 19:23:48,2025-10-26,PAID,"C/ Rio, 1",,,U,2025-11-07 13:25:29,2
632e31b6-ac25-4e90-9e12-bf3f9ef5babb,7c27eab6-5ae5-4f32-9be7-c9ac199f82c5,2025-10-25 05:27:37,2025-11-03,CANCELLED,"C/ Mar, 91",,,U,2025-11-07 16:03:17,2
230816cf-f291-4657-89e1-f5126e2a4b68,ad20448d-1a2e-4101-91c8-7f58ea760ff2,2025-10-28 18:13:21,2025-11-05,PAID,"C/ Rio, 43",,,U,2025-11-07 22:23:58,2
381b23ff-a0f1-454c-9c03-724d1f18ddbe,37770716-4e6d-4ed7-9c82-4c3bd1169381,2025-10-28 13:56:59,2025-10-31,SHIPPED,"  C/ Mar, 72  ",,,U,2025-11-07 01:00:39,2
755459ab-6647-4052-a0ef-2a8d22e9e09c,4d7bbb97-6e17-4b28-9978-e32177df4a3d,2025-10-27 12:52:13,2025-10-31,PAID,"C/ Mar, 87",,legacy,U,2025-11-07 20:24:07,2
336224d3-cac1-4634-926a-77b1a9d31e94,564aa247-7773-4a35-ad01-a1c44e942cdf,2025-11-02 11:56:50,2025-11-04,CANCELLED,"C/ Mar, 77  ",,,U,2025-11-07 17:42:54,2
b260eaff-2520-43e9-87fc-40a651520f35,0053bb5b-c9cc-453e-ae53-093b94e9598d,2025-11-05 12:53:29,2025-11-11,SHIPPED,"C/ Rio, 81",,,U,2025-11-07 18:04:06,2
12cfa1c7-02dc-4712-b6e6-e2b8340dfb99,cba7b31e-f92f-47ab-ae01-2568a5b220f0,2025-10-27 17:53:08,2025-10-30,PAID,"C/ Mar, 59",,,U,2025-11-07 01:05:56,2
a51142b1-39ca-4ff2-89f4-c2a738c7afd5,d6401683-c03f-4059-8000-bcca1b62422f,2025-10-27 20:31:47,2025-10-27,PAID,"C/ Rio, 56",,,U,2025-11-06 09:47:17,2
5c2a3dce-0f94-407b-8a94-0051f631498c,7278b39d-441a-4220-9203-154fcf441f3d,2025-11-06 13:29:53,2025-11-16,RETURNED," C/ Sol, 56  ",,,U,2025-11-07 03:06:01,2
b3f51788-aa24-4470-b383-fd03c223b7f4,8685d88e-3c28-4dfd-89d7-ef5d69b749bb,2025-11-06 07:41:41,2025-11-13,CANCELLED,"C/ Rio, 81",,,U,2025-11-07 08:05:33,2
e9a66717-58b8-476c-933e-cf31a56d3b9c,111b2ddb-e85f-49ce-bf3f-bf27162d1742,2025-10-25 15:03:08,2025-11-01,SHIPPED,"C/ Mar, 16",,,U,2025-11-07 23:44:19,2
bef80a8a-da57-496e-9be0-7d7c70ec4942,6e950421-a28a-4bd4-9824-cd9017e9292f,2025-10-31 21:06:25,2025-11-05,CANCELLED,"C/ Luna, 60",,legacy,U,2025-11-07 02:59:17,2
60200988-c76c-479e-86b6-11866e37b9ad,aa9b058f-f7c3-4ec1-9ccc-55040f88cded,2025-11-02 22:41:51,2025-11-03,PAID,"C/ Sol, 46",,,U,2025-11-07 05:34:57,2
a0a5d35a-0350-4bba-ae99-69fe9a22e798,7a35311b-0f0e-447f-a171-2fecaf501bb3,2025-10-25 15:12:03,2025-10-30,CANCELLED,"  C/ Mar, 10 ",,,U,2025-11-07 13:09:50,2
abe32e34-664e-4fc3-a6e3-be7d0c418cd6,70f626fa-03d1-4d67-97c3-01b21463f862,2025-10-27 14:54:12,2025-11-01,PAID,"C/ Sol, 25",,,U,2025-11-07 13:20:23,2
4afb9d9a-6faa-45d2-95f2-1df7be5dd240,75cdb2e6-e5d0-4e78-bd42-64342ce66f9a,2025-11-06 22:21:18,2025-11-09,SHIPPED,"C/ Sol, 51",,,U,2025-11-07 02:54:36,2
a5e07e0f-f071-465a-bf64-f3b9dcd1963d,939ccfb0-b94b-4a97-8e3a-e1286390b95e,2025-11-05 01:10:51,2025-11-11,PAID,"C/ Rio, 40",,,U,2025-11-07 12:05:46,2
e30b8a93-fa9a-45c4-ab23-b4b61bbf8db9,9ab75b55-47da-4c4c-8e37-ae08b56bbc13,2025-10-31 12:04:47,2025-11-07,CANCELLED,"C/ Mar, 72",,,U,2025-11-07 22:32:00,2
9371f51d-3ec2-46f2-bb6c-09c2eb18a1a9,7fa57e35-8dbd-4c96-82fa-0da1209031df,2025-10-30 15:54:37,2025-11-01,SHIPPED,"C/ Mar, 1",,,U,2025-11-07 19:21:13,2
5dd7bb53-2aeb-468f-9b08-094551809426,0df262ed-e4fd-4839-8719-48ed8742ec6d,2025-10-29 13:56:54,2025-11-01,PAID,"C/ Mar, 12",,,U,2025-11-07 08:24:04,2
595c4ece-d80d-4421-8231-ab689a6a4810,ce0bfe97-08b4-4a54-8a3a-b102c8951f1e,2025-10-25 10:16:36,2025-11-01,SHIPPED,"C/ Rio, 33",,,U,2025-11-07 12:10:09,2
d737b376-68b5-4773-b65c-dda797e81068,af9d460d-dba1-4ce5-a416-e56c0b069d31,2025-11-05 23:11:07,2025-11-09,SHIPPED,"C/ Luna, 30",,,U,2025-11-07 14:56:08,2
192743a5-ce01-48a5-be88-659c9dc8629d,ca6a03bb-52b1-4004-a565-3b7db5a60acb,2025-10-24 11:07:28,2025-10-26,SHIPPED,"C/ Rio, 88",,legacy,U,2025-11-07 08:23:27,2
773ee000-e822-43c7-a600-f3dff3a2f277,ca6a03bb-52b1-4004-a565-3b7db5a60acb,2025-11-04 07:31:04,2025-11-11,NEW,"C/ Mar, 5",,,U,2025-11-07 01:12:57,2
21da074d-36fc-4ff4-9109-cd53459e1fac,352422d0-90fd-42e4-9355-3212a2775098,2025-11-01 10:19:49,2025-11-03,SHIPPED,"  C/ Sol, 7  ",,,U,2025-11-07 11:08:12,2
151a61af-c4b0-431a-9e11-77741612fce0,6e950421-a28a-4bd4-9824-cd9017e9292f,2025-10-25 22:46:30,2025-11-03,PAID,"C/ Mar, 12",,,U,2025-11-07 16:33:23,2
fc4520f5-f8ea-4d89-9253-7f031fd7797a,10e417a5-90ac-4c94-82d1-92e63dd4af1b,2025-11-04 04:07:24,2025-11-11,CANCELLED,"C/ Sol, 14",,,U,2025-11-07 23:33:04,2
66f88585-f7c7-45eb-ae2d-01f2b478cef4,5c0adf56-1cbb-4155-b4b5-88858299f32f,2025-10-28 22:03:02,2025-10-30,SHIPPED,"C/ Rio, 14",,legacy,U,2025-11-06 16:57:57,2
a4fe7933-2fea-48a3-8de4-67f61a3054aa,e3338191-5b2f-4095-8155-53bbbcb00810,2025-10-27 02:30:32,2025-11-06,CANCELLED,"C/ Rio, 97",,legacy,U,2025-11-07 21:15:02,2
08315fee-e521-41bd-811f-4cc225049722,727dd144-7933-480a-9055-ea5d4712d51e,2025-10-25 23:13:34,2025-11-02,NEW,"C/ Luna, 53",,,U,2025-11-07 09:21:40,2
134b6fbc-122b-42ea-90e1-7f601bf2c218,7f0121b2-5705-4371-ae02-5356443a2937,2025-10-28 12:44:41,2025-11-03,PAID," C/ Rio, 6 ",,,U,2025-11-07 19:51:28,2
07110052-9f25-49d8-b929-095f84b715df,2332d04e-5c76-49c3-8ad1-bdaa25b2df76,2025-11-06 07:01:50,2025-11-13,SHIPPED,"C/ Luna, 96",,,U,2025-11-07 06:48:01,2
e0e54a88-f719-4ca6-b49b-1d242c7b497c,c4332b16-515f-4897-a32a-7103b5e46b1a,2025-10-24 12:29:48,2025-10-30,PAID,"C/ Mar, 44",,,U,2025-11-07 21:39:20,2
3e02e9a5-d15a-45ff-9f56-820c62e5c255,0b6262a6-774b-4fbe-b187-15fd0afb9e82,2025-10-26 09:04:26,2025-10-30,PAID,"  C/ Rio, 47 ",,legacy,U,2025-11-07 06:09:40,2
df0b41a0-0f1f-488f-958b-707f5fbcfca3,1def8f5a-0c9c-4744-97cd-a160e556d2a1,2025-10-24 02:05:36,2025-11-02,SHIPPED,"C/ Mar, 79",,legacy,U,2025-11-07 12:55:37,2
e5eeca5d-712a-42a6-95c4-07e650711408,,2025-10-30 19:45:25,2025-11-01,NEW,"C/ Sol, 75  ",,legacy,U,2025-11-07 11:25:42,2
9663f223-e1fc-4cbb-af0b-797a63f60205,7c1e81bc-789a-41d0-a7f0-fcc106c73813,2025-11-02 21:43:40,2025-11-12,PAID,"  C/ Mar, 81  ",,,U,2025-11-07 13:15:28,2
197f25f5-7319-4115-8124-22754c90246d,,2025-10-30 08:39:59,2025-11-06,SHIPPED,"C/ Luna, 69",,legacy,U,2025-11-07 12:04:51,2
01bfea7c-fba2-4865-8ff4-da7a8f3e4ea0,5a17c1d2-8bd8-4962-b128-1ddf769df768,2025-10-27 10:31:38,2025-10-27,PAID,"C/ Rio, 32",,legacy,U,2025-11-07 23:49:59,2
f7dcd567-0124-4ef4-a9ca-1341cb147dcf,4f1e4b04-b6ad-4103-be97-afd01d71eb13,2025-11-06 03:50:37,2025-11-15,PAID,"C/ Luna, 48",,,U,2025-11-07 20:24:47,2
7e3f8c96-288f-4040-bc06-f47edc63ab31,1a8fa31a-1876-41ba-8959-141386be8901,2025-10-24 06:16:24,2025-10-26,PAID,"  C/ Sol, 85 ",,,U,2025-11-07 01:15:23,2
e22297fa-1703-4787-a943-85c32d076fab,53b2797d-72b3-4d7b-b600-dc59aa910b6c,2025-10-24 17:40:14,2025-10-30,RETURNED,"C/ Rio, 51",,,U,2025-11-07 02:50:40,2
90931fca-f1f8-4f1e-afb6-77d3f3bd095c,da4ea359-a9cf-45bd-be66-1a561d69b03b,2025-11-04 13:10:47,2025-11-05,PAID,"C/ Mar, 19",,,U,2025-11-07 09:13:41,2
b5685fae-1d28-4e7b-beb5-28c253241a90,bf734ea3-b18e-490d-be05-6986006d4c6b,2025-11-05 04:27:51,2025-11-05,SHIPPED,"C/ Rio, 32  ",,,U,2025-11-07 03:56:44,2
e04b7d33-32bd-48ab-9729-68a7475e5e61,80bc6ce2-6e85-449c-ac1b-9b3f05847c05,2025-11-01 20:03:49,2025-11-11,CANCELLED,"C/ Mar, 73",,legacy,U,2025-11-07 05:16:04,2
2f1a78e8-4c09-4f4a-bbd4-df135393d388,46ff08f0-0d8d-4cef-9e4f-18db4b30fea0,2025-10-28 08:52:35,2025-11-03,SHIPPED,"C/ Sol, 38",,,U,2025-11-07 17:33:58,2
9ea369f7-9f7f-4bb0-bb8d-9ef9ef459174,b30919bd-6d35-4006-8991-128270c551c9,2025-11-05 21:47:14,2025-11-08,RETURNED,"C/ Rio, 96",,legacy,U,2025-11-07 23:07:23,2
71dd1c81-b378-49d4-972c-03f25b6f973c,7806e585-4a14-40c4-b41e-207e1a2b6cd7,2025-11-03 07:17:22,2025-11-10,PAID,"C/ Mar, 51",,,U,2025-11-07 00:09:37,2
c1527f86-cb6d-47c9-b096-1d3b20edfb11,add17c25-46ba-432c-b32c-950400ce3d8d,2025-11-03 18:41:14,2025-11-09,SHIPPED,"C/ Luna, 47",,,U,2025-11-07 16:26:13,2
6231323c-24c5-4adb-8ffd-327ac2d461d0,7b4d13a8-f48a-44ec-bce5-104b968293d2,2025-10-29 11:13:33,2025-11-08,PAID,"C/ Rio, 38",,,U,2025-11-07 06:28:35,2
c950c214-a49f-4976-b986-a3cd022de7a4,622cdb5f-91fc-4607-8157-60bc6b39da10,2025-10-29 09:45:55,2025-10-29,SHIPPED,"C/ Rio, 61",,,U,2025-11-07 02:13:06,2
179643b8-35df-4b98-9f64-8df815c9322b,712e823c-1b31-4a6e-953a-5b43aad1379d,2025-10-24 14:36:44,2025-11-01,PAID,"  C/ Mar, 66",,,U,2025-11-07 06:58:30,2
9e606097-b99a-44d7-94e0-a76de7221cbb,f887af16-0c9b-431c-ae58-47fee21e13fe,2025-11-04 16:27:32,2025-11-06,PAID,"C/ Sol, 68",,,U,2025-11-07 02:59:05,2
1a3e821a-3286-4063-914e-d003dc2cff05,2cac695e-3696-4aef-b58b-3c3d9b3961b9,2025-10-24 17:51:51,2025-10-31,CANCELLED,"C/ Sol, 94",,,U,2025-11-07 01:35:47,2
61e3fa3e-ce5d-4283-bc5a-319f4d35e0fb,dc3e4374-2f2a-47ce-9f7f-065089722583,2025-11-03 03:36:19,2025-11-03,SHIPPED,"C/ Rio, 57",,legacy,U,2025-11-07 03:02:24,2
8d08e729-c0a0-4453-8787-774b10c65f7b,a9f444df-6a4f-4d03-8528-fdc3cc7dc4c4,2025-10-28 05:26:23,2025-10-30,NEW,"  C/ Sol, 69  ",,legacy,U,2025-11-07 03:37:44,2
1785ba25-b01e-41a5-ba4f-e7b7b11ecba6,c3b5c832-091e-4abb-8583-bca6cd607c6c,2025-10-30 06:27:56,2025-11-09,PAID,"C/ Mar, 9",,legacy,U,2025-11-07 04:21:11,2
ec0c160c-7af7-4a2b-b814-3eb10275db29,53248d4d-6e7d-4478-b94d-67a825dc52d6,2025-11-05 03:37:00,2025-11-13,PAID,"C/ Sol, 48",,legacy,U,2025-11-07 08:29:40,2
32ac99eb-b340-4556-b6a0-ced999b0a719,5ebb0cf1-589a-462d-90f8-3abbf8134e02,2025-10-26 06:19:36,2025-10-27,PAID,"C/ Mar, 51",,,U,2025-11-07 03:48:28,2
d2d35d8a-f2c8-48ea-a949-1ffe909c3102,2244e417-2c46-41b5-ab80-3fb283befe59,2025-10-24 04:41:15,2025-11-02,PAID,"C/ Rio, 39",,,U,2025-11-07 00:47:13,2
006163bd-a25b-40ae-a51d-7334dfcdf8f3,1d65e0b8-fa3b-4805-b46f-c26e7b8f83f4,2025-11-02 16:54:37,2025-11-10,PAID," C/ Rio, 79",,,U,2025-11-07 09:29:21,2
4f89ef65-ff44-4c0c-afa3-ce005307c2b0,07b00fd5-1085-4d75-822a-1e971da783ff,2025-10-25 11:22:57,2025-11-04,CANCELLED,"C/ Luna, 70",,,U,2025-11-07 16:14:10,2
ffb0e599-e5af-49f1-9178-5c263c099fc1,d49d4684-3c46-4c66-9083-b4197286ba0c,2025-10-27 17:48:47,2025-11-04,CANCELLED,"C/ Sol, 77",,legacy,U,2025-11-07 04:54:17,2
f7b04537-0b46-4449-af36-4228aef380b8,07b00fd5-1085-4d75-822a-1e971da783ff,2025-10-27 04:33:28,2025-10-28,SHIPPED,"C/ Sol, 5",,legacy,U,2025-11-07 07:26:33,2
655aa232-cedc-44ec-a397-b564235b7362,a9ab66f9-c5f4-41ad-8ff7-22ce25ca9217,2025-11-03 01:35:54,2025-11-13,PAID,"  C/ Mar, 94  ",,legacy,U,2025-11-07 01:05:42,2
c086c209-713b-4deb-96b7-2353a8aee870,3f9f5ef5-e5d6-4daf-b643-0b00edf940a5,2025-11-06 23:40:16,2025-11-12,PAID,"C/ Sol, 18",,,U,2025-11-07 04:09:02,2
73d80fbe-efff-4acd-89b4-73ac38d8a765,a0e39e33-14a0-4074-aa1d-a118dd2efcd1,2025-10-31 15:20:44,2025-11-03,NEW,"C/ Luna, 69",,,U,2025-11-05 19:11:30,2
f84e0e26-5d2a-49fd-a247-d74f776e6f9a,265286fa-ca02-4a8d-bda5-1a62976f3725,2025-10-26 04:29:18,2025-11-02,RETURNED,"C/ Mar, 99",,,U,2025-11-07 02:13:43,2
5db397e0-d2c7-47f1-b7b8-4d19761151a1,7dde583d-19d2-4898-9e90-eae2b0aa388d,2025-10-25 16:29:11,2025-10-31,PAID,"C/ Rio, 89",,,U,2025-11-07 20:26:11,2
18b475a3-88f3-451a-af5f-9dd7a11e1c15,672ebf86-2bf1-43b0-b90d-4bc8a9863892,2025-11-02 18:55:14,2025-11-10,CANCELLED,"C/ Rio, 23",,,U,2025-11-07 20:32:33,2
9d865df4-bb73-46a2-8708-a9b733bf2270,bfbb375c-4f98-4ae4-88c5-3e10c9e14d16,2025-11-04 12:13:16,2025-11-09,CANCELLED," C/ Mar, 73",,,U,2025-11-07 23:32:39,2
fc90e9de-5806-46f1-b21d-350e8a594375,5b3d0b07-ddba-4e48-8e50-2b4561b11bcd,2025-10-29 19:58:01,2025-11-04,SHIPPED," C/ Sol, 89 ",,legacy,U,2025-11-07 13:37:51,2
4babb90e-dc95-4a7f-af96-23f41337b1ca,bdbcd9c7-dc79-4ad7-b649-212fe3136177,2025-11-06 09:50:44,2025-11-16,SHIPPED,"C/ Mar, 22 ",,legacy,U,2025-11-07 08:27:35,2
7ec4f16f-77b5-40d5-afb1-14ee39626242,920c4c19-a90b-4132-a985-5e0e4db2ae8d,2025-10-24 22:54:58,2025-10-24,CANCELLED,"C/ Sol, 95",,legacy,U,2025-11-07 02:09:41,2
19b27e69-2d57-456a-a78f-339d1ea26b20,58480952-7ba1-45d3-8680-01e5d2e2a393,2025-10-25 11:39:19,2025-10-25,PAID,"C/ Mar, 46",,legacy,U,2025-11-07 23:32:17,2
c154f818-b8ac-40c3-ab2b-37bdc793f116,7c471531-f324-4e98-b17e-949f4fb7d693,2025-10-26 07:02:54,2025-11-02,CANCELLED,"C/ Mar, 34",,legacy,U,2025-11-07 03:30:51,2
cdda9aec-174d-420d-89c8-3f2919e7f8ae,7b953cb2-2549-4c9d-85c3-a8ce74664343,2025-10-27 08:38:09,2025-10-29,PAID,"C/ Sol, 29",,legacy,U,2025-11-07 21:17:55,2
7eec53e1-f2a3-4c96-b2b1-d7e3a8321221,ab906a2d-0874-422b-941d-aeb0aced96d0,2025-10-27 18:30:58,2025-10-27,SHIPPED,"C/ Rio, 81",,,U,2025-11-07 05:09:00,2
e5ed0855-e7a5-4c45-89f7-988fddddcf4b,f163cc2b-6335-427f-9a30-283c95dc1bff,2025-10-26 11:42:30,2025-11-01,NEW,"  C/ Luna, 43  ",,,U,2025-11-07 22:06:07,2
753b7490-56ae-4166-b48b-589e7f43b3fa,a53f2f6d-4e1e-43aa-ad3b-b2e3f7239558,2025-10-31 01:35:15,2025-11-05,SHIPPED,"C/ Sol, 42",,,U,2025-11-07 22:07:24,2
3a5ef5ea-f687-4e9d-9cd4-cb238a7edff5,a5b3ec11-c7c9-48d5-87c6-db40ac6ab944,2025-10-24 06:56:35,2025-10-29,PAID,"C/ Sol, 70",,,U,2025-11-07 12:02:07,2
5a6ba90b-140c-4853-85dc-5570139b1583,add17c25-46ba-432c-b32c-950400ce3d8d,2025-10-26 00:45:07,2025-10-29,CANCELLED,"C/ Rio, 19",,,U,2025-11-07 00:17:02,2
5c17a029-d295-4535-92b4-2dc31d352e27,07bb73c6-ed02-4969-9b81-9697add140e8,2025-10-25 22:59:12,2025-11-04,PAID,"C/ Mar, 15",,,U,2025-11-07 01:23:40,2
e45c1991-f485-4c69-8ee8-50daf7172dbb,0b111fad-7fc3-417a-97f0-83775526343b,2025-10-26 12:29:33,2025-11-03,PAID,"  C/ Luna, 38",,,U,2025-11-07 05:45:36,2
5b223e83-311c-4b16-9237-86e141614973,cecbad9f-9631-4d97-a170-df308baf2ff8,2025-11-06 16:18:02,2025-11-09,PAID,"  C/ Mar, 56 ",,,U,2025-11-07 16:38:48,2
a63cd00a-2cc3-4cc7-a12c-39e93042cd04,2048bf1e-c331-4e38-92e2-a7f93d27102e,2025-10-24 18:48:10,2025-10-24,CANCELLED,"C/ Rio, 45",,,U,2025-11-07 09:59:05,2
ec8c0c21-ef40-4af4-bca3-3737dc833429,2fc0e3c9-068b-449a-bf94-78af291a4759,2025-10-31 02:38:05,2025-11-03,PAID,"C/ Mar, 21",,,U,2025-11-07 01:22:40,2
4ffedc57-0f44-4af9-b942-e3f6912a9a49,5075afe5-0bf2-4125-8894-c0bd35ffb6e7,2025-11-02 06:00:19,2025-11-05,SHIPPED,"C/ Luna, 32",,,U,2025-11-07 05:29:39,2
db1327d8-9f4d-4fb8-8739-5d65b00c3ee2,7b953cb2-2549-4c9d-85c3-a8ce74664343,2025-11-02 22:39:41,2025-11-08,NEW,"  C/ Mar, 75",,,U,2025-11-07 12:20:53,2
ac0aa07d-2b6c-44f7-89ae-091f1789bd55,1a9e4aa2-6db0-4101-8c48-36240a214d00,2025-11-06 05:40:16,2025-11-14,CANCELLED,"C/ Luna, 43",,,U,2025-11-07 03:23:39,2
eaed687b-c18f-4c98-841f-014338b67315,0cb4a9a8-88b8-472f-ad85-f1487269e828,2025-10-30 10:16:31,2025-11-08,SHIPPED,"C/ Mar, 20",,legacy,U,2025-11-07 07:52:27,2
90839eea-1d81-4958-8ed9-c250f6958968,0c0fc6ea-02a9-40df-a844-c6c687f7f092,2025-10-25 10:07:48,2025-11-04,PAID,"C/ Luna, 90",,,U,2025-11-07 02:53:40,2
4a831311-8167-47c2-9328-ddffdda0ff9e,d7f2c000-a55d-42aa-a82c-0a79721df387,2025-10-31 12:49:56,2025-11-02,SHIPPED,"C/ Luna, 14",,legacy,U,2025-11-07 09:00:00,2
b203b000-7b28-48cd-8653-56c002bac1a6,791d7928-5794-4134-b082-e012fca59815,2025-10-26 10:01:21,2025-11-01,SHIPPED,"C/ Rio, 46 ",,,U,2025-11-07 12:15:42,2
efebb1a4-54e3-471f-847a-581e8c9d11fb,30834876-d78c-49a2-b84c-ec3dc9dee7ed,2025-11-06 10:58:30,2025-11-15,NEW,"C/ Rio, 50",,legacy,U,2025-11-07 21:53:15,2
a851343c-975d-4ba2-8874-fd990153ea97,dc74efbe-30dd-439f-93d6-496a7325727b,2025-10-31 13:21:38,2025-11-10,SHIPPED," C/ Sol, 60 ",,,U,2025-11-07 03:34:05,2
f4563cf4-d853-4594-b774-fbce105f3139,85b33e38-3314-45b4-855a-a69703a333b7,2025-11-06 22:59:16,2025-11-14,SHIPPED,"C/ Sol, 81",,,U,2025-11-07 11:12:44,2
8f3ca507-40fe-4b3c-8fa7-beee5de050b7,d8558d46-022e-4585-b1cc-15f48aad45fd,2025-10-26 23:23:45,2025-10-27,PAID," C/ Luna, 89  ",,legacy,U,2025-11-07 20:21:03,2
81efee95-ff20-463b-b5fc-37dcf3c7457f,b93ab1c4-180a-443d-8cc4-916a78245583,2025-11-04 14:00:00,2025-11-06,CANCELLED,"C/ Mar, 5",,legacy,U,2025-11-07 10:15:54,2
cf0ef7d6-8d88-4d2b-aca7-de9c46ff4bc4,9f96de35-9ba8-489a-9688-73a319aa3407,2025-11-02 16:53:26,2025-11-08,PAID,"C/ Luna, 62",,,U,2025-11-07 14:35:41,2
a06c58f2-7e32-490d-946b-e8e154278677,,2025-11-03 03:17:40,2025-11-07,NEW,"C/ Luna, 19",,legacy,U,2025-11-07 19:52:26,2
9d392555-ad86-4d4d-837e-e36a4be67fb0,80bc6ce2-6e85-449c-ac1b-9b3f05847c05,2025-11-03 19:01:08,2025-11-12,SHIPPED,"C/ Luna, 40",,,U,2025-11-07 22:01:50,2
ff30ed58-37af-494e-9465-e58bb5f0895b,6ff63495-64de-4fa5-8fe3-a5ea6fd11c30,2025-10-30 23:40:39,2025-10-31,PAID,"C/ Luna, 29",,,U,2025-11-07 03:16:52,2
6ffc1d14-ff9d-4d6d-8e3d-6f3d982f8cce,f6056384-a588-48d8-b3bb-cc63095a1f91,2025-11-06 15:50:33,2025-11-07,NEW,"C/ Luna, 54",,,U,2025-11-07 04:02:08,2
77426586-f7f9-4936-9406-52ac90ead3e1,cfc84a19-6a8d-4e0e-bfc0-1ec0272a0ff1,2025-10-25 19:51:43,2025-11-02,SHIPPED,"C/ Luna, 88",,,U,2025-11-07 08:14:13,2
5f86487a-cf9f-4110-8ec4-622404d4a9b4,f9867b18-82bf-409a-8f9a-cdf5f00ed5a4,2025-11-05 00:41:26,2025-11-15,RETURNED,"C/ Luna, 54 ",,,U,2025-11-07 09:08:32,2
d5345044-ac1c-401a-9446-fae19dd9b40e,7c000cba-3691-4fea-9799-16468b32984a,2025-10-26 13:37:26,2025-11-04,SHIPPED,"C/ Luna, 13",,,U,2025-11-05 10:24:32,2
2c7d35e2-4400-4e30-9153-3696c19f4b3a,da4ea359-a9cf-45bd-be66-1a561d69b03b,2025-11-03 03:19:51,2025-11-05,CANCELLED,"  C/ Luna, 74 ",,,U,2025-11-07 04:28:58,2
d5b74ce3-1e01-4e55-9044-0ee557813793,,2025-11-02 03:27:24,2025-11-12,SHIPPED,"C/ Mar, 32",,,U,2025-11-07 22:47:58,2
7522d7aa-a928-4770-82ad-0fa503ed3737,52e8561d-36f4-4fdb-9402-a21fff1487d3,2025-11-02 00:01:37,2025-11-11,PAID,"C/ Sol, 40",,,U,2025-11-07 05:21:50,2
f0876345-dcca-4003-bb94-966c91220040,2a71abe6-02e8-42e5-80b2-3b2646288671,2025-10-28 12:12:55,2025-11-03,RETURNED,"C/ Mar, 18",,,U,2025-11-07 10:22:21,2
f1e19dee-d78b-4333-854a-04243fe7ed21,c373485f-c265-43a3-a92f-faf9bb4ef26d,2025-10-29 18:44:18,2025-10-30,CANCELLED,"C/ Mar, 92",,,U,2025-11-06 11:04:39,2
0d94d731-3e20-49c0-971e-dfd67b2c451b,231db78e-3663-4a46-a8d4-18038779b0ec,2025-11-04 04:02:28,2025-11-08,SHIPPED,"C/ Sol, 77",,,U,2025-11-07 11:16:47,2
1534b960-8e67-460a-b576-25257e54829a,43e6370a-3aa6-4b63-b668-895a28b82fc8,2025-10-29 10:38:29,2025-11-05,SHIPPED,"C/ Luna, 40",,,U,2025-11-07 05:45:05,2
ae3e5a4e-de26-40d2-9d08-ce8aed862f3c,f887af16-0c9b-431c-ae58-47fee21e13fe,2025-11-04 16:19:25,2025-11-07,PAID,"C/ Rio, 59",,legacy,U,2025-11-07 13:55:06,2
1d9f757d-a904-474d-a526-1c9027695c5d,d6ecd837-313e-49ca-9ee8-e9e74d928922,2025-10-28 23:21:20,2025-10-30,SHIPPED,"C/ Mar, 65",,legacy,U,2025-11-07 03:33:20,2
95062786-bf73-46e9-8cc7-d56249ab0bd7,2de12da3-39ec-4dc7-b922-8ebe96c42f1c,2025-10-27 22:33:47,2025-11-04,SHIPPED,"C/ Mar, 63",,legacy,U,2025-11-07 11:36:45,2
5aa3c834-1bf4-465e-9a08-3b56e706843c,398a7e64-3508-4d9b-86b9-445bfc1675a5,2025-10-24 11:20:30,2025-11-01,NEW,"C/ Luna, 87",,,U,2025-11-07 10:14:26,2
9533d2b0-2bfa-4894-9a85-43d59e9f6c83,c403b2b6-4c82-40b6-aca5-cfcc4055171f,2025-10-30 02:42:09,2025-11-09,SHIPPED,"C/ Luna, 48  ",,,U,2025-11-07 22:50:52,2
c4cc90f6-d953-4924-8149-ba0c36749046,ab906a2d-0874-422b-941d-aeb0aced96d0,2025-10-27 01:02:16,2025-10-28,PAID,"C/ Rio, 11",,,U,2025-11-07 06:51:30,2
aff525e8-b67f-42cf-90a5-12cec14451a8,3637793b-01a5-46b4-9c1a-1ccd2faaac30,2025-10-27 16:46:31,2025-11-01,SHIPPED,"C/ Rio, 67",,legacy,U,2025-11-07 18:17:44,2
c3982d3e-051f-4989-9ef2-ae2c0cb91cc0,02b6ff38-bbc6-4cf5-b125-769b9307b937,2025-10-24 14:49:04,2025-10-25,CANCELLED,"C/ Mar, 18",,,U,2025-11-07 08:07:03,2
e2811357-3a6e-4cbe-800f-2556cef66459,9ab75b55-47da-4c4c-8e37-ae08b56bbc13,2025-11-06 08:49:29,2025-11-11,CANCELLED,"C/ Rio, 85",,,U,2025-11-07 00:15:46,2
55ddd09e-79a1-40cc-aeba-00d8b64872cb,8a306210-c2cc-4fcf-b4a7-aff7a6b99625,2025-11-02 17:09:10,2025-11-03,PAID,"C/ Sol, 61",,,U,2025-11-07 16:30:06,2
a6c2f932-3c36-40ae-bc39-e7e0ffe5c7af,5a295653-8e80-4622-8531-6844837b5db0,2025-11-03 07:40:15,2025-11-06,PAID,"C/ Rio, 46",,legacy,U,2025-11-07 21:19:10,2
c3ee9a80-0b9d-4443-9bed-d6f1e28d2ff5,2cfc0e02-d230-4d3b-a512-ee9d94beb13c,2025-10-28 01:10:27,2025-10-28,CANCELLED,"C/ Mar, 50",,,U,2025-11-07 18:15:52,2
d6a710b3-e7fd-45e6-9742-828bd11609de,f8deb61e-631f-4d22-bd09-a8f751cbd80b,2025-10-29 13:48:37,2025-11-01,NEW,"C/ Mar, 59",,,U,2025-11-07 03:51:52,2
a00ca633-0e32-4afe-85af-ff23ab69c349,f7c10e99-971a-4a44-8783-cae3d4597da9,2025-10-25 19:49:04,2025-11-03,PAID,"C/ Mar, 80",,legacy,U,2025-11-07 14:44:21,2
e82a59bd-f6b5-4367-8189-d993f316461f,0053bb5b-c9cc-453e-ae53-093b94e9598d,2025-10-25 23:49:50,2025-10-27,PAID,"C/ Luna, 88",,legacy,U,2025-11-07 08:45:12,2
2ea36934-887e-4403-9266-b8e825608a3f,bda31922-7d59-406a-a48f-05d55489df91,2025-10-27 08:44:59,2025-10-29,CANCELLED,"C/ Luna, 17",,,U,2025-11-07 22:36:44,2
ea0872ff-b828-43e8-a141-ff68cddb8bd3,8dd6591c-a70b-4aef-820c-6eb24415c749,2025-10-29 05:09:02,2025-11-04,NEW,"C/ Sol, 48",,,U,2025-11-07 03:26:32,2
67dca27d-19d7-43bd-b82d-0bac402fbd66,ab906a2d-0874-422b-941d-aeb0aced96d0,2025-11-03 14:22:38,2025-11-09,CANCELLED,"C/ Rio, 15",,,U,2025-11-07 03:20:38,2
2d4f9d55-7913-438d-94d7-800057552626,da01de9b-049e-4938-9e80-0be5e78a5fb3,2025-11-04 00:49:17,2025-11-14,PAID,"C/ Luna, 27",,legacy,U,2025-11-07 21:08:18,2
dc381e40-f8e4-4989-b6cd-d5469705c871,f8de6d5e-9f90-4593-9d43-3006aac49240,2025-10-26 21:32:38,2025-10-29,SHIPPED,"C/ Rio, 17",,,U,2025-11-07 15:02:36,2
b975b2bf-4ca4-4c2e-995b-f9ab19605cd4,f0ea3227-f4cd-41c7-b3a7-32fe17b2c7db,2025-11-02 18:42:51,2025-11-11,SHIPPED,"C/ Sol, 32",,,U,2025-11-07 04:00:14,2
59a0d63b-9068-4e51-b546-b69a73144b6a,622d2b0a-03aa-4abc-aec1-be48cce7020f,2025-11-04 07:53:56,2025-11-11,SHIPPED," C/ Luna, 32 ",,,U,2025-11-07 05:55:40,2
43ff9de1-53d3-45de-84b2-76817eec30a7,618bc018-f4ca-4f53-873b-ebaf37ab7b99,2025-11-02 11:55:31,2025-11-09,PAID,"C/ Luna, 16",,,U,2025-11-07 04:47:19,2
a8276690-714e-4e45-883f-318a95107aed,baeaae70-f51c-410e-9c90-43dc9099aade,2025-10-29 07:15:24,2025-11-03,SHIPPED," C/ Sol, 50  ",,,U,2025-11-07 09:29:25,2
2f265f27-461e-441c-994d-b2c77d39eb84,00647076-401f-4cfa-84cc-11053d94255d,2025-10-25 15:23:00,2025-10-30,SHIPPED,"C/ Rio, 70",,legacy,U,2025-11-07 09:37:52,2
1b65a79e-96dd-450e-a577-0b21dd188f31,b30919bd-6d35-4006-8991-128270c551c9,2025-11-04 23:45:46,2025-11-08,SHIPPED,"C/ Mar, 52 ",,,U,2025-11-07 21:38:20,2
443339ed-640b-4fb4-804a-4eeb805a00b9,13977c38-8324-4fe3-9412-ebf97b2f98c0,2025-10-31 14:22:38,2025-11-02,CANCELLED,"C/ Sol, 44",,,U,2025-11-07 21:57:51,2
394f5f7c-85e5-4c9d-852d-df080ac4f426,99b9773b-e204-431f-baeb-f625c0edc8a5,2025-11-06 02:21:01,2025-11-06,SHIPPED,"C/ Luna, 82",,,U,2025-11-05 19:07:14,2
898e10aa-7b04-4cf2-891a-ffdaaec6a8ec,f15e1566-311c-475d-a7aa-fd2d6fbc31e3,2025-10-27 05:46:46,2025-11-03,SHIPPED,"C/ Rio, 16",,legacy,U,2025-11-07 02:32:43,2
d66ec136-3723-44a3-b18c-2031fc23e90b,0053bb5b-c9cc-453e-ae53-093b94e9598d,2025-10-25 07:14:46,2025-11-02,SHIPPED,"C/ Mar, 39",,legacy,U,2025-11-07 01:49:00,2
99b84d1f-7a65-4a89-a727-740037583fd6,6ff63495-64de-4fa5-8fe3-a5ea6fd11c30,2025-10-24 23:38:21,2025-10-30,CANCELLED,"C/ Luna, 11",,,U,2025-11-07 12:31:57,2
82ac577d-3f22-4cc3-b01d-43edc232cb5e,7b83dc0a-21fd-4676-8097-ac192f6d991e,2025-11-06 17:33:30,2025-11-09,PAID,"C/ Luna, 8",,,U,2025-11-07 09:22:22,2
25f03b3d-35dc-48d5-b384-415428becf00,029eda64-2ca0-4c59-9f5c-abc4664a3b7c,2025-11-06 21:09:02,2025-11-10,SHIPPED,"C/ Mar, 66",,,U,2025-11-07 14:51:55,2
45170ac2-7635-44d4-a084-dc496777b0d8,c403b2b6-4c82-40b6-aca5-cfcc4055171f,2025-11-01 08:58:40,2025-11-11,CANCELLED,"C/ Luna, 77",,,U,2025-11-07 13:33:10,2
006163bd-a25b-40ae-a51d-7334dfcdf8f3,1d65e0b8-fa3b-4805-b46f-c26e7b8f83f4,2025-11-02 16:54:37,2025-11-10,PAID," C/ Rio, 79",,,U,2025-11-07 08:08:47,2
bd9a385e-7351-44c0-b1cc-af02ec03bbee,0010e534-85c3-4350-8cab-b30a63d100e8,2025-10-25 01:22:24,2025-11-02,SHIPPED,"  C/ Luna, 35 ",,,U,2025-11-07 17:41:55,2
10cdbac4-c6ca-43ea-bfe1-c2f17266a3b1,111b2ddb-e85f-49ce-bf3f-bf27162d1742,2025-11-01 08:42:54,2025-11-02,CANCELLED,"C/ Sol, 17",,legacy,U,2025-11-05 17:28:09,2
416e1418-52d2-4073-ad57-ce2fdcc3f338,566e0427-5f16-423e-99ba-4d821f2ad5d0,2025-10-26 18:44:52,2025-10-27,PAID,"  C/ Rio, 56 ",,,U,2025-11-07 02:53:04,2
0732684a-e390-49d3-9a5d-dd08c975d049,bda31922-7d59-406a-a48f-05d55489df91,2025-10-31 05:07:02,2025-11-10,SHIPPED,"C/ Sol, 38",,,U,2025-11-07 08:12:49,2
e53eac9c-2d03-41e6-af5d-278877794a20,a728c145-0860-49f9-8b93-b53c570435cb,2025-11-01 20:09:40,2025-11-06,PAID,"C/ Sol, 91",,,U,2025-11-07 15:10:16,2
582b4660-eff4-4cf6-9644-95a54f3fd68a,e93e2af9-1f98-4823-aa27-7a334941c9da,2025-11-02 21:07:32,2025-11-10,SHIPPED,"C/ Mar, 52",,legacy,U,2025-11-07 02:25:19,2
6a038b1f-8582-49c5-b5f1-e372fadd36cd,539d18c8-6082-4061-8b1d-897bd43f9831,2025-10-25 01:52:55,2025-10-27,SHIPPED,"C/ Luna, 13 ",,,U,2025-11-07 17:16:48,2
d063a969-4a1a-40d7-b2db-326f2b17f2df,313a97e2-5a87-4d1b-beed-bdefb3a97710,2025-11-02 11:49:14,2025-11-11,SHIPPED,"C/ Sol, 12 ",,legacy,U,2025-11-07 06:48:50,2
643be0ca-23e0-47ba-bafb-1ccc30b48eb6,3d6b454b-b6b8-456b-9647-8b270f4aad30,2025-11-02 17:13:13,2025-11-04,SHIPPED,"  C/ Sol, 36 ",,,U,2025-11-07 16:55:15,2
7bb6a01a-689f-4426-95b1-ca7f7c9067d1,dc3e4374-2f2a-47ce-9f7f-065089722583,2025-11-02 08:09:37,2025-11-08,SHIPPED,"C/ Rio, 16 ",,,U,2025-11-07 10:13:32,2
591e8e3a-cd6a-4536-b94c-8b8012f7bc38,682434ae-d80d-49dc-881c-614bb9b4134f,2025-10-27 11:15:04,2025-11-03,SHIPPED,"C/ Rio, 8",,legacy,U,2025-11-07 09:05:23,2
f0ab5b55-0007-4332-845c-57f1f94d8610,2e8e53b7-2609-4b81-88ba-a4162ba21d92,2025-11-05 22:13:31,2025-11-14,CANCELLED,"C/ Luna, 63",,,U,2025-11-07 13:39:31,2
6dfd148b-fb93-4175-847a-706b044fdc01,b1cb9096-3c7a-4ee9-bd43-767d2af3e4d3,2025-11-05 23:40:55,2025-11-09,SHIPPED,"C/ Sol, 92",,,U,2025-11-07 08:12:17,2
4705ac5f-e7fa-4bf1-b3cc-77879958d70c,029eda64-2ca0-4c59-9f5c-abc4664a3b7c,2025-10-29 02:55:05,2025-10-29,RETURNED,"C/ Rio, 31",,,U,2025-11-07 11:09:45,2
0c4ca9dd-42b0-43ce-b1bf-57327163ed90,0c94a5c3-b155-4077-acce-38d77e369f26,2025-11-03 07:03:25,2025-11-12,SHIPPED,"C/ Luna, 91",,,U,2025-11-07 02:03:17,2
e30b8a93-fa9a-45c4-ab23-b4b61bbf8db9,9ab75b55-47da-4c4c-8e37-ae08b56bbc13,2025-10-31 12:04:47,2025-11-07,NEW,"C/ Mar, 72",,,U,2025-11-07 09:31:56,2
bb7ea954-96e1-475f-b8c5-bbc502937ef7,2d110784-8348-4382-9280-f53520b969d3,2025-10-25 13:12:07,2025-11-02,PAID,"C/ Sol, 50",,,U,2025-11-07 03:28:05,2
652ac7b3-7c25-4ba6-a90d-bee8fe27ce9f,e95a8793-9c04-49dc-aceb-4c337e2835dc,2025-10-24 21:48:25,2025-10-24,SHIPPED,"C/ Mar, 10",,,U,2025-11-07 00:32:22,2
5b93b916-6d69-4476-9001-a9037acf0f1b,432a7ec6-5d7e-41c3-9fda-6005abe565a8,2025-10-26 13:02:04,2025-10-26,NEW,"C/ Mar, 33",,legacy,U,2025-11-07 13:10:16,2
85ae5b5f-86c8-44b3-90dc-09859b20de04,0c9648ab-c179-46f8-a044-ff78e9580527,2025-11-01 07:35:02,2025-11-02,PAID,"C/ Luna, 66",,legacy,U,2025-11-07 11:19:43,2
b8b8513b-c349-4d15-b83b-3edc33c356d9,e7d735af-9f73-4620-bbb7-98e4906535e2,2025-11-05 23:54:31,2025-11-14,SHIPPED,"C/ Mar, 65",,,U,2025-11-07 06:08:02,2
bc23759b-4f72-473e-83d4-5d492a19af21,698c0d36-1282-4239-9e28-f1e08f778041,2025-10-25 16:02:43,2025-10-30,SHIPPED," C/ Sol, 5 ",,,U,2025-11-07 03:41:52,2
47af05bd-1ffd-4cdb-ad50-2de61841da9f,52219b61-a49d-4957-870d-661a8b6f51f0,2025-10-31 11:31:28,2025-11-08,NEW,"C/ Luna, 1",,,U,2025-11-07 03:59:42,2
a9f45e84-4cd5-48bf-8280-2fcb30e1576d,85b33e38-3314-45b4-855a-a69703a333b7,2025-10-26 01:36:39,2025-10-31,SHIPPED,"C/ Mar, 89",,legacy,U,2025-11-07 01:53:11,2
26acf339-fe59-4665-9f9c-442425bde28c,2e8e53b7-2609-4b81-88ba-a4162ba21d92,2025-10-24 23:27:50,2025-11-01,CANCELLED,"C/ Luna, 70",,,U,2025-11-07 09:19:53,2
e1aa4a31-06b6-42c5-9b22-f77f357583fc,2a845469-1a55-47d2-92da-3c32f408aa68,2025-11-04 18:59:17,2025-11-08,SHIPPED,"C/ Sol, 36",,,U,2025-11-07 01:51:49,2
34751fe0-8fd1-4743-9c00-45288aba25c2,fc4fd701-b71e-4c83-be51-14235fdf9f9f,2025-10-27 06:55:29,2025-10-29,SHIPPED,"C/ Mar, 75 ",,,U,2025-11-07 17:18:14,2
9f2029f8-6bbc-4ca0-8c62-c1c89e6da8dc,712e823c-1b31-4a6e-953a-5b43aad1379d,2025-11-01 01:46:03,2025-11-05,PAID,"C/ Rio, 79",,,U,2025-11-07 04:32:13,2
be7f9386-ffcc-4ea4-a1d9-e3728a49c013,baeaae70-f51c-410e-9c90-43dc9099aade,2025-11-05 01:27:11,2025-11-10,SHIPPED,"C/ Sol, 49",,,U,2025-11-07 22:50:50,2
2d618203-dabc-4a04-9001-71b40d63c6ce,d6401683-c03f-4059-8000-bcca1b62422f,2025-11-06 08:58:46,2025-11-13,SHIPPED,"C/ Mar, 95",,,U,2025-11-07 11:08:21,2
b3c91296-668a-4e66-93c3-7bbff81c49ad,fb386df8-36b6-4f86-a8cc-67501cd8fd94,2025-10-30 15:30:45,2025-11-03,NEW,"C/ Sol, 1",,,U,2025-11-07 05:18:02,2
33cbada3-8a8a-40be-ba22-411dfb289bba,979e3775-0754-4e9c-b58e-075eddec43f4,2025-11-02 07:57:06,2025-11-07,SHIPPED,"C/ Mar, 11",,legacy,U,2025-11-07 11:00:33,2
4e963f7d-ebe2-4595-84d3-a7c3b9a72e13,0917d829-4582-404d-bc54-8c9e859e17b5,2025-10-31 13:05:34,2025-10-31,NEW,"C/ Mar, 23",,,U,2025-11-07 10:08:50,2
c9b56a7c-c94e-48d7-aa58-8bd1ad00478e,bc1dff2c-0001-46c5-bcc8-abbf254a017f,2025-10-24 19:28:56,2025-10-31,PAID,"C/ Luna, 68",,legacy,U,2025-11-07 10:30:11,2
39e226c6-180a-41c9-817d-4fd93d32bc20,c5f46894-7aab-49bc-9245-904bb741953f,2025-10-31 22:41:20,2025-11-03,NEW,"C/ Sol, 61",,legacy,U,2025-11-07 12:19:06,2
222f0cd9-a8e4-49cb-b59d-41dea72d3e76,8a014b74-0cec-4ee5-a6f0-b0684a16e938,2025-10-27 00:18:05,2025-10-31,PAID,"C/ Mar, 33",,legacy,U,2025-11-07 16:02:45,2
6a837fe9-78ff-4faf-851a-961207a7b691,fb386df8-36b6-4f86-a8cc-67501cd8fd94,2025-11-06 03:44:32,2025-11-08,SHIPPED,"  C/ Rio, 47 ",,,U,2025-11-07 05:55:09,2
d6598105-86c6-481e-9300-649d771f56b8,275efae7-43fa-4421-8758-9a246f45a1ef,2025-10-27 04:45:20,2025-11-06,PAID," C/ Luna, 26 ",,legacy,U,2025-11-07 13:46:20,2
b10749dc-2edc-45e3-a36e-e97c1b3c41aa,7603f191-4865-4f33-86cb-c2da395c6329,2025-10-29 17:31:47,2025-11-02,NEW,"C/ Mar, 73",,,U,2025-11-07 21:08:13,2
8bf23cae-dbc7-4e3c-97b3-6c27227dfd1b,13977c38-8324-4fe3-9412-ebf97b2f98c0,2025-11-02 08:57:33,2025-11-12,SHIPPED,"  C/ Mar, 78",,legacy,U,2025-11-07 14:00:35,2
0ee54ad8-19d3-47c2-b695-c54207593811,7278b39d-441a-4220-9203-154fcf441f3d,2025-10-24 16:15:40,2025-10-28,SHIPPED,"C/ Mar, 62",,,U,2025-11-07 02:07:32,2
b75a97c9-3892-4502-a172-f433de76f7d7,265286fa-ca02-4a8d-bda5-1a62976f3725,2025-11-02 20:00:06,2025-11-07,PAID,"C/ Sol, 39  ",,,U,2025-11-07 01:02:01,2
f38037f1-af07-4e29-8d03-de4a067d88b1,089724ce-c68e-4357-b30f-885efc174e71,2025-10-26 01:11:13,2025-10-29,PAID,"  C/ Sol, 32",,,U,2025-11-07 01:44:57,2
5a8aa17c-a248-4694-88f0-eb0c7dd8061e,ecd71fa4-528a-47a7-b239-fb2cdb1a78ee,2025-11-03 04:19:18,2025-11-12,PAID,"C/ Sol, 7",,,U,2025-11-07 01:09:14,2
c74b3553-04a9-48fc-9f0e-412ac0fedb43,682434ae-d80d-49dc-881c-614bb9b4134f,2025-11-02 16:56:14,2025-11-11,SHIPPED,"C/ Rio, 8",,legacy,U,2025-11-07 16:39:23,2
3d979df5-0dcf-44b7-9bd6-e1fde882751f,f969c3c8-afc2-4dd9-b5a5-d48120b94053,2025-11-06 06:31:41,2025-11-14,CANCELLED,"C/ Sol, 39",,,U,2025-11-07 10:51:24,2
1a6a78ad-d67d-4372-8272-df928cd00927,39ce29b6-1198-46b6-a4a5-8b0dc051c3d8,2025-11-01 18:12:27,2025-11-08,NEW,"  C/ Luna, 60 ",,,U,2025-11-05 07:50:25,2
3f099042-304a-4d7e-9651-ba7b4f213ca9,93a4a437-6115-4e03-809b-bfb2d504ad76,2025-11-02 02:14:09,2025-11-03,CANCELLED,"C/ Luna, 24",,legacy,U,2025-11-07 19:26:47,2
28033562-92f6-4855-ac15-c8c911264a2f,4791fd09-eba3-4a0d-a42e-3e0bdb334188,2025-10-30 07:57:20,2025-11-01,CANCELLED,"C/ Rio, 16",,,U,2025-11-07 16:42:28,2
05544b85-84b5-427a-954d-e14c530af365,2e8e53b7-2609-4b81-88ba-a4162ba21d92,2025-10-27 15:16:55,2025-10-31,CANCELLED,"C/ Sol, 82",,,U,2025-11-07 03:23:39,2
41c1e86a-19b7-4f4e-ac99-ae6e20c5e15b,e3338191-5b2f-4095-8155-53bbbcb00810,2025-11-01 03:11:08,2025-11-10,PAID,"C/ Rio, 23",,,U,2025-11-07 20:46:02,2
2d940f45-3028-4baa-87aa-64c49e1aafcc,2d71b7b9-b649-45ff-896d-5623407697a3,2025-11-03 00:28:21,2025-11-08,PAID,"C/ Luna, 17",,,U,2025-11-07 07:58:16,2
e046fc39-4616-4411-b63a-4414d7366e67,9371088e-ddee-4b1d-b181-bdd3bfdd789a,2025-11-02 17:52:14,2025-11-10,PAID,"C/ Sol, 7",,legacy,U,2025-11-07 04:28:23,2
88578110-acdb-41e0-a7ad-851013f9b9a6,8ea4d4f7-522a-4949-8e13-093e0d829b5a,2025-10-25 02:47:17,2025-11-04,SHIPPED," C/ Rio, 19 ",,legacy,U,2025-11-05 02:08:29,2
994b76e2-073d-4a05-b2b8-74380bfc06f0,ac64b2cd-ad83-4baa-a237-13a9bb5e6878,2025-11-03 08:10:29,2025-11-06,CANCELLED,"  C/ Sol, 66 ",,,U,2025-11-07 22:49:45,2
0faaf773-4be7-4442-88fa-735b6f0ca516,ec36ca1e-ea83-4c44-8898-d02f6cc30a7a,2025-10-24 20:51:55,2025-11-01,CANCELLED,"C/ Sol, 94",,,U,2025-11-07 17:26:51,2
ddd15ec9-2afb-4d0b-9756-e60d1a48c292,93412a2d-aa2c-4001-a411-3e8028fc7a94,2025-11-06 08:04:35,2025-11-14,PAID,"  C/ Mar, 36 ",,,U,2025-11-06 18:33:49,2
ba19f62a-332e-4eda-aeac-e2f51c7abbff,9cbcf055-4b5b-4130-9ced-1a4c9f18d31e,2025-11-03 08:45:38,2025-11-04,CANCELLED,"C/ Rio, 83",,,U,2025-11-07 03:48:28,2
228e6a86-0fe7-4cb7-a6ca-3e28a11f58e3,313a97e2-5a87-4d1b-beed-bdefb3a97710,2025-11-05 02:46:07,2025-11-08,SHIPPED,"C/ Rio, 1",,legacy,U,2025-11-07 07:19:52,2
50b35c45-d283-40ab-a7cd-d741a1427396,e3338191-5b2f-4095-8155-53bbbcb00810,2025-10-29 17:01:15,2025-10-29,SHIPPED,"C/ Luna, 51",,legacy,U,2025-11-06 20:43:35,2
ea063188-b542-411c-8494-31e700098abc,380f2f8b-a4bf-4162-9cf6-c605fe64bb24,2025-10-26 21:58:37,2025-10-26,SHIPPED,"C/ Sol, 79",,,U,2025-11-07 14:49:36,2
2f0af8ca-8ea6-4518-bb00-0c61be6e0ba6,,2025-10-31 14:47:00,2025-11-09,CANCELLED,"C/ Rio, 21",,legacy,U,2025-11-07 03:18:35,2
59fc4bcc-30db-4fbe-a3b7-289ce34e267a,d7d6fd16-603e-436d-ae57-c35a74513b87,2025-11-06 01:32:24,2025-11-11,CANCELLED,"C/ Mar, 50",,,U,2025-11-07 04:04:04,2
78ca687c-13e9-460a-965c-b3754d837cd1,ab906a2d-0874-422b-941d-aeb0aced96d0,2025-11-05 10:15:11,2025-11-06,SHIPPED,"C/ Luna, 17",,legacy,U,2025-11-07 14:31:47,2
e1e3700a-6862-4a8a-b4ac-16317a991ef5,72925121-e0eb-4adb-a094-1d22b85d898b,2025-11-01 22:15:13,2025-11-07,PAID,"C/ Sol, 66",,legacy,U,2025-11-06 04:09:59,2
c7c2488e-9a12-4ee7-899b-4dee9767f6ae,93412a2d-aa2c-4001-a411-3e8028fc7a94,2025-10-29 20:37:52,2025-11-02,CANCELLED,"  C/ Rio, 90  ",,,U,2025-11-05 00:31:56,2
9f23feb3-ebe0-4368-a04a-42f20853c576,43c986ac-678a-425a-ac39-43dc81421f70,2025-10-24 07:41:35,2025-10-27,SHIPPED,"  C/ Sol, 31 ",,legacy,U,2025-11-07 20:40:24,2
0855e46b-f4d9-43e9-acde-5b964947aef3,bda31922-7d59-406a-a48f-05d55489df91,2025-10-26 04:40:10,2025-10-31,SHIPPED,"C/ Luna, 27",,,U,2025-11-07 01:08:24,2
8a9a0895-8a81-430e-ab26-a750e9e72005,bc9bb0bf-2583-40a4-8bf4-0a3e61dae2fe,2025-11-03 19:01:02,2025-11-07,SHIPPED,"C/ Rio, 77",,,U,2025-11-07 15:47:59,2
0099271c-881f-4c7e-a71b-d19bdb0e4c74,fbb6d16e-d141-47ec-a49f-6aaf75ee08ad,2025-10-29 19:48:21,2025-11-04,PAID,"C/ Luna, 61",,,U,2025-11-07 21:11:41,2
059d9253-fe83-47a1-8c74-39919f23fadb,7a35311b-0f0e-447f-a171-2fecaf501bb3,2025-11-01 18:09:44,2025-11-02,PAID,"C/ Luna, 45",,,U,2025-11-07 07:11:00,2
9a2d3054-6ed0-4e0d-8f5c-2b76a7c2be70,da8fc604-8815-4b4b-9fe9-bb0acb7b6c08,2025-11-01 01:04:10,2025-11-08,CANCELLED,"C/ Luna, 89",,,U,2025-11-07 20:46:17,2
e3c9fd42-9c5c-47f8-9f6b-884fdfc8e449,b0fca5ef-13f4-46da-bcee-1004afd6ce5b,2025-11-06 02:54:15,2025-11-14,RETURNED,"C/ Sol, 55",,legacy,U,2025-11-05 13:46:35,2
91dcc821-7927-4b67-88e3-2f2bdabfc4cb,da01de9b-049e-4938-9e80-0be5e78a5fb3,2025-11-06 02:04:43,2025-11-15,SHIPPED,"C/ Rio, 5",,,D,2025-11-07 11:02:52,2
0521ebbe-e5b1-4659-8e5c-a65844e4bc13,21440949-3898-47b6-9f55-fa6483e7ba51,2025-11-05 23:46:13,2025-11-08,PAID,"C/ Sol, 91",,,D,2025-11-07 05:55:42,2
7355ba41-3a2f-408b-ad14-854b6b765ba5,93412a2d-aa2c-4001-a411-3e8028fc7a94,2025-10-28 17:17:13,2025-11-03,new,"C/ Luna, 10",,,D,2025-11-07 22:01:35,2
748cd1f5-afa7-447a-beb9-453e7ed1150b,240091f2-318f-442e-9327-9661f9fea6a4,2025-10-29 16:46:43,2025-10-30,SHIPPED,"C/ Sol, 40",,legacy,D,2025-11-07 01:28:04,2
7e3f8c96-288f-4040-bc06-f47edc63ab31,1a8fa31a-1876-41ba-8959-141386be8901,2025-10-24 06:16:24,2025-10-26,SHIPPED,"  C/ Sol, 85 ",,,D,2025-11-07 14:08:05,2
046ea382-26e3-485f-b142-e94f92a49c7a,63954dd6-f4a7-4895-8f33-83b90c80d7e5,2025-11-06 21:40:22,2025-11-15,new,"C/ Rio, 85",,legacy,D,2025-11-07 04:43:43,2
e2ddf3e2-c989-4426-9094-b8769a947d7c,213cdf49-aff5-4ca9-a142-383ac5b2635d,2025-10-27 19:07:32,2025-11-04,SHIPPED,"C/ Rio, 26",,legacy,D,2025-11-07 21:16:44,2
54d86844-fd61-41f4-a18d-08e8b153e386,3232c4a6-97bd-4e44-a09b-e87840c1ed0e,2025-11-05 17:46:36,2025-11-06,NEW,"C/ Mar, 74",,,D,2025-11-07 19:26:57,2
8e67b02a-4629-4e86-830c-6973e69ac97e,88ff07b3-2083-4522-aa0d-9110b54d3838,2025-10-24 10:16:37,2025-10-29,new,"C/ Mar, 59",,legacy,D,2025-11-07 03:22:19,2
4afc38b4-c548-4ad5-8e4e-489ac2ee903c,bc9bb0bf-2583-40a4-8bf4-0a3e61dae2fe,2025-10-27 13:53:09,2025-10-30,PAID,"C/ Rio, 74",,,D,2025-11-07 09:14:48,2
578d5216-922b-4cfb-98ff-ea07f4856f59,cba7b31e-f92f-47ab-ae01-2568a5b220f0,2025-10-26 14:55:04,2025-11-03,new,"C/ Sol, 2",,legacy,D,2025-11-07 11:44:33,2
8bf23cae-dbc7-4e3c-97b3-6c27227dfd1b,13977c38-8324-4fe3-9412-ebf97b2f98c0,2025-11-02 08:57:33,2025-11-12,SHIPPED,"  C/ Mar, 78",,legacy,D,2025-11-07 03:22:42,2
14c14280-16b2-4246-b48f-15e644d9a406,b0fca5ef-13f4-46da-bcee-1004afd6ce5b,2025-10-30 01:07:57,2025-11-05,NEW,"C/ Sol, 9",,legacy,D,2025-11-07 01:32:27,2
549a1a93-65d2-4f6b-959f-7c7678997a83,fb386df8-36b6-4f86-a8cc-67501cd8fd94,2025-11-05 20:14:06,2025-11-09,new,"C/ Mar, 13",,legacy,D,2025-11-07 11:34:49,2
71dd1c81-b378-49d4-972c-03f25b6f973c,7806e585-4a14-40c4-b41e-207e1a2b6cd7,2025-11-03 07:17:22,2025-11-10,NEW,"C/ Mar, 51",,,D,2025-11-07 21:17:56,2
bfbc5147-a3e2-46e6-bab0-7a7dd53ce7ce,59c915bf-9a37-4116-8986-11e0274f6528,2025-10-25 00:15:38,2025-11-02,SHIPPED,"C/ Mar, 96",,,D,2025-11-07 13:46:39,2
c55f437e-8449-442a-a8ec-152c1455b620,d79a2d18-6f26-435a-b592-b334617e7125,2025-10-28 14:40:37,2025-10-30,SHIPPED,"C/ Rio, 68",,,D,2025-11-07 04:39:49,2
a0a0d506-c26a-46ec-b7cd-61592667a1e8,9e8d48c4-54e1-4b39-9ba0-b8e1b24e3ed4,2025-11-01 06:22:33,2025-11-04,NEW,"C/ Sol, 63",,,D,2025-11-07 12:36:38,2
33693987-96b4-42da-bb6c-fbb2120ebef7,5d9cdecb-e4fe-4d91-a6b1-d782789f3748,2025-11-06 21:55:42,2025-11-15,SHIPPED,"C/ Luna, 76",,,D,2025-11-07 09:41:51,2
2d84e8b5-f628-4d80-9a8d-d4ca02529aca,bebf0d52-61ae-437a-8a10-2362939a56d2,2025-11-02 03:31:35,2025-11-05,NEW,"C/ Rio, 91",,,D,2025-11-07 10:58:21,2
2338194c-d581-4cc3-bfcd-a3f5e6913611,bebf0d52-61ae-437a-8a10-2362939a56d2,2025-11-03 22:42:23,2025-11-12,PAID,"C/ Mar, 38",,,D,2025-11-07 21:04:13,2
151a61af-c4b0-431a-9e11-77741612fce0,6e950421-a28a-4bd4-9824-cd9017e9292f,2025-10-25 22:46:30,2025-11-03,new,"C/ Mar, 12",,,D,2025-11-07 01:04:26,2
4aa716c8-0282-48fd-b0c9-151a0f1b6fdb,fc4fd701-b71e-4c83-be51-14235fdf9f9f,2025-11-01 20:26:23,2025-11-03,NEW,"C/ Sol, 53",,,D,2025-11-07 19:58:09,2
8deda95e-d047-49c2-b409-fda4b59a52f2,cace1efc-507c-477a-8422-f0c350d21ca8,2025-10-24 00:51:28,2025-10-27,new,"  C/ Sol, 61",,,D,2025-11-07 23:13:05,2
351e3f3e-632e-44b3-aaf7-4f586ecdc84a,029eda64-2ca0-4c59-9f5c-abc4664a3b7c,2025-10-31 12:01:23,2025-11-07,NEW,"C/ Luna, 74",,,D,2025-11-07 17:34:23,2
c6a1a473-9a70-4dad-914d-ddcddcee8b97,a2349e20-6fea-4630-b76c-5cd123a2ae59,2025-10-31 01:24:15,2025-11-06,SHIPPED,"C/ Mar, 30",,,D,2025-11-07 20:16:02,2
1dcb22e8-b820-4e25-b24e-bda51a8fb645,b1bada5b-9bd4-4362-891b-b4276ac359f8,2025-11-04 22:38:40,2025-11-05,SHIPPED,"C/ Luna, 37",,,D,2025-11-07 01:37:19,2
5bb90062-b410-4c50-a0b2-df8435c5a289,398a7e64-3508-4d9b-86b9-445bfc1675a5,2025-11-04 19:28:17,2025-11-13,PAID,"C/ Luna, 96 ",,,D,2025-11-07 02:35:33,2
6ab3cc00-d32d-4c2c-beb2-c6171f613144,add17c25-46ba-432c-b32c-950400ce3d8d,2025-10-27 20:14:45,2025-11-03,SHIPPED,"C/ Luna, 37",,,D,2025-11-07 11:32:52,2
e30ca10f-5cc0-47e8-b9a5-531852299a14,398d21ca-0948-41b6-96b6-53b1a45d06e4,2025-10-24 16:58:48,2025-10-31,NEW,"C/ Rio, 85",,legacy,D,2025-11-07 18:17:25,2
aa9d530a-ee60-4729-bdaf-66f8e5571754,19206e1c-20e6-40d1-b27b-931de6dcf366,2025-11-05 21:12:59,2025-11-08,NEW,"C/ Sol, 34 ",,,D,2025-11-07 18:34:18,2
098cb0ff-2ad8-45d9-b913-a742a98e1b91,389f6583-9c32-4a2f-a9d2-4ba73dde801e,2025-10-25 21:37:01,2025-10-30,PAID,"C/ Luna, 36",,,D,2025-11-07 09:33:07,2
41b2f865-94ca-4226-a903-1d86d0274db0,768c95ff-e049-4b1d-8b40-e3a5736fc3cb,2025-10-29 22:28:04,2025-11-04,new,"C/ Rio, 45  ",,,D,2025-11-07 19:54:56,2
856777ab-0406-4757-86dd-08fe32dab991,3637793b-01a5-46b4-9c1a-1ccd2faaac30,2025-11-06 02:24:40,2025-11-07,CANCELLED,"C/ Luna, 35",,,D,2025-11-07 00:49:22,2
b12471f2-ec91-42c1-a8b9-dceb4da58ccf,aca912d1-6773-4816-b417-857757cf20ec,2025-11-06 16:30:38,2025-11-15,SHIPPED,"C/ Rio, 36",,,D,2025-11-07 03:49:06,2
beae34a0-42e5-4203-9739-d9aac3f74dcd,682434ae-d80d-49dc-881c-614bb9b4134f,2025-11-01 20:38:13,2025-11-02,PAID,"C/ Mar, 62",,,D,2025-11-07 09:12:11,2
c2fc9a89-ccee-43af-8627-f234f6a7f29e,fc75558f-1335-46ab-b94f-b6dd4e58be15,2025-11-04 01:14:16,2025-11-06,NEW,"C/ Sol, 77",,,D,2025-11-07 01:55:40,2
9a2d3054-6ed0-4e0d-8f5c-2b76a7c2be70,da8fc604-8815-4b4b-9fe9-bb0acb7b6c08,2025-11-01 01:04:10,2025-11-08,NEW,"C/ Luna, 89",,,D,2025-11-07 18:26:34,2
86719b5c-204f-4628-ba6f-840b12c7979a,73d16c0f-50fc-4ac3-8b0b-990430a0b1aa,2025-11-06 08:00:01,2025-11-08,new,"C/ Rio, 67",,legacy,D,2025-11-07 00:54:39,2
54d2b5af-399c-4a2a-a052-89d8165dcbef,389d380e-a427-43ba-97bb-27ed242a3cf1,2025-11-04 08:29:19,2025-11-04,new,"C/ Rio, 13",,,D,2025-11-07 21:32:20,2
efebb1a4-54e3-471f-847a-581e8c9d11fb,30834876-d78c-49a2-b84c-ec3dc9dee7ed,2025-11-06 10:58:30,2025-11-15,SHIPPED,"C/ Rio, 50",,legacy,D,2025-11-07 21:32:44,2
b3244107-3fb8-463f-8951-ba66a50481c3,6233b553-15e9-46dc-b070-441a28740cdf,2025-10-31 06:20:44,2025-11-09,PAID,"C/ Rio, 54",,,D,2025-11-07 02:29:03,2
dfbab69c-a4b2-49c0-a508-925714fd3bed,53248d4d-6e7d-4478-b94d-67a825dc52d6,2025-10-25 05:46:43,2025-10-25,CANCELLED,"C/ Luna, 83",,,D,2025-11-07 04:58:57,2
7424f5c0-897b-4cea-8d04-a224b9f0f98e,b28daa85-9578-4ce2-bcc9-2ddc9a88c6e3,2025-10-28 03:13:48,2025-11-04,SHIPPED,"  C/ Sol, 33  ",,legacy,D,2025-11-07 12:00:55,2
11328b0b-3774-40a6-9e06-7f11ae6d961b,af96edfe-e5d5-46c0-a2fe-d4405f15a79a,2025-10-29 20:09:55,2025-10-30,CANCELLED,"C/ Rio, 76",,,D,2025-11-07 00:27:04,2
