paymentId,orderId,paymentMethod,amount,paymentDate,status,op,eventTime,seqNum
75dd191c-a2b4-4052-9e1e-d4727263c0cc,41d55eae-f100-4b4b-bd65-6905fe24bd11,BIZUM,973.86,2025-11-10 13:16:08,ok,U,2025-11-08 04:50:23,2
b3ba40df-36fb-4e5e-aa07-ec353473e0dd,aa8fec16-8bb2-4309-9444-1a8f4f0255de,BIZUM,136.51,2025-11-08 14:31:33,OK,U,2025-11-08 08:40:15,3
acfc2d5f-97ea-4b14-b086-5074b4ca6c15,3267f167-cbd2-463d-956b-4121a48ace73,BIZUM,233.65,2025-11-08 21:16:10,OK,U,2025-11-08 06:37:38,3
43d0ae3c-8849-424a-9f2b-2962d8cafab7,c38eeef3-7a89-4a5c-b712-2d29e2e9a174,Bizum,626.19,2025-11-04 14:31:51,OK,U,2025-11-08 05:30:32,2
fe00aeff-652e-4167-adb9-2196c25bb8dd,5bcedfe9-c779-4a77-ae1e-d731c9f841a3,Bizum,79.25,2025-11-11 07:24:13,OK,U,2025-11-08 14:16:40,2
e299bd0a-198f-4f9a-95c1-379dcbf21801,bd9a385e-7351-44c0-b1cc-af02ec03bbee,PayPal,822.49,2025-11-10 19:19:49,OK,U,2025-11-08 09:27:49,3
0d2fa46c-f59d-4aa4-9d2e-eca9ab2d6fd3,18b97535-b4a7-4db2-99ac-aa7daecba6e2,card,684.75,2025-11-10 10:00:29,OK,U,2025-11-08 01:38:26,2
59266b36-e6bb-4eb7-8699-abf5bdd3772b,6457d8df-4b9c-4853-ad18-509bc50bc347,PayPal,740.58,2025-11-08 16:30:53,OK,U,2025-11-08 21:42:07,2
acbe4b05-8f6c-4e17-98f1-5e4a6a4881f7,b3a6995e-ebae-4558-b240-e75a093c5174,CASH,1253.48,2025-11-08 04:07:07,OK,U,2025-11-08 22:00:35,3
d58214f0-83c6-4d4e-b10d-4a5c8948e267,67f680a3-a7b0-4980-89ed-08e0519da0f5,BIZUM,1334.77,2025-11-10 10:05:57,PENDING,U,2025-11-08 08:34:25,2
2389b87d-a366-40ae-bfba-aa3c903b0094,de0cf3c0-ba85-42a1-8e95-809366a694b7,BIZUM,1298.01,2025-11-08 14:23:33,OK,U,2025-11-08 11:55:59,3
b7d7c8c9-524b-431d-a2e1-6f56004598b7,47eb73f8-e867-4cb6-913a-1b10a1edef1e,Bizum,789.85,2025-11-09 19:37:13,ok,U,2025-11-08 15:28:18,2
0734874c-f8b8-4946-a5e8-8472322b87f0,593fc280-3135-48d2-b1e2-6655d269562d,Bizum,1307.48,2025-10-25 02:03:52,PENDING,U,2025-11-08 13:59:18,2
9a849ef1-9f9a-432e-8dd9-734c1221c637,381b23ff-a0f1-454c-9c03-724d1f18ddbe,CARD,179.39,2025-11-02 01:16:10,OK,U,2025-11-08 02:42:05,2
df91ec2f-318e-4986-a6a4-947872db507a,564367cf-ac7e-407a-a99d-b9536369e54e,CASH,257.49,2025-10-26 17:04:14,OK,U,2025-11-08 00:19:29,3
a79bf02c-419f-4b21-9b90-6b941b6f108f,e328878f-a71b-42be-8849-e6a1a6e10769,BIZUM,166.91,2025-10-26 20:31:37,FAILED,U,2025-11-08 05:12:46,2
26811c5e-55f5-470c-b2d1-e237a5996d62,a06c58f2-7e32-490d-946b-e8e154278677,CASH,945.17,2025-11-01 18:40:41,OK,U,2025-11-08 05:06:58,2
dc04065a-5ee7-4cc0-a74c-1b6eceabe257,f5be2e01-7333-4266-8715-a346b3bf2285,CARD,1320.98,2025-11-11 09:14:40,OK,U,2025-11-08 08:46:33,3
a69a3412-cab3-456d-8378-65ac35495cea,b61b3786-e663-4042-bf59-2f35b151c374,CARD,713.19,2025-10-31 11:58:53,OK,U,2025-11-08 21:20:18,2
66fbb38b-02a0-46d5-904a-1f85e0ba9f59,86c05a35-eb04-4951-bae3-b2d448780fc9,BIZUM,197.8,2025-11-05 11:38:50,OK,U,2025-11-08 18:13:33,3
d2625ae0-6169-4872-a1ba-263008d205e1,df14e80c-eb3d-4b54-8104-a88f27462f40,CARD,8.84,2025-11-02 16:40:03,OK,U,2025-11-07 01:34:54,3
2fd358d8-0f34-44e1-9e4e-ff2e3976acc7,4afc38b4-c548-4ad5-8e4e-489ac2ee903c,card,1107.19,2025-10-25 14:53:27,OK,U,2025-11-08 01:03:13,2
e500ef20-8cd1-45c3-b52b-54f6a5132b79,a4e8847e-1f98-4866-87b1-e084894d3774,Bizum,937.7,2025-11-05 20:31:13,OK,U,2025-11-08 22:00:42,2
45f949ea-ee7b-4554-8989-379374f8e12d,22ebcf61-f7a4-4669-a0e9-637f0c1a1cb0,CARD,1179.2,2025-11-07 03:59:54,OK,U,2025-11-08 02:59:01,2
80661aa4-358c-4051-a9df-b0a83df22276,14d1a591-2ead-4942-b1df-48ec5c20075b,CARD,1049.91,2025-10-24 09:45:21,OK,U,2025-11-08 11:45:23,2
155db41d-7274-47b4-b57d-ca53e9b685ca,b9c45cb9-1d7b-43d6-8699-bfa0e8686349,Bizum,1251.03,2025-11-04 07:13:13,OK,U,2025-11-08 11:04:26,3
ba56a716-a227-4673-beff-3b9a3dec4fd8,6d82cdef-f33b-4d26-a99d-a8abde0e78cb,card,1086.47,2025-11-04 15:44:53,OK,U,2025-11-08 16:19:37,2
2ec21378-86e3-4769-b1f5-7feedb8fe827,1b65a79e-96dd-450e-a577-0b21dd188f31,CARD,436.93,2025-11-10 17:59:14,OK,U,2025-11-08 01:00:57,2
7411e6f7-d10e-4d8f-83fb-726f62f8ddba,1e8331b9-6288-4f56-9961-3fbe711d9558,PayPal,1044.18,2025-11-11 19:30:59,OK,U,2025-11-08 07:43:07,2
fb9e1139-d031-4d0f-b219-d1f528a698fa,78ca687c-13e9-460a-965c-b3754d837cd1,CASH,1012.23,2025-11-09 13:04:24,OK,U,2025-11-08 07:11:49,2
5624a3af-2418-434a-8b32-3302eebe57fe,351e6f3c-f621-441d-963c-b7185bb4323a,card,1465.64,2025-11-05 06:58:09,PENDING,U,2025-11-08 08:34:17,2
434b70f4-c04d-4927-a2b1-1e51619de3f7,5040a6ca-7bf4-4090-b3e1-1c11b787918a,BIZUM,1284.18,2025-10-26 03:59:44,OK,U,2025-11-07 12:47:05,2
66189f2b-2e8c-4556-9d46-2cac8c39db75,f1e19dee-d78b-4333-854a-04243fe7ed21,PayPal,604.4,2025-11-06 21:14:39,OK,U,2025-11-08 03:48:02,2
e166b3e4-aecb-4d21-805f-a5668e2ddf99,4d1e3d24-b002-4291-a893-17f000ac8a06,CARD,1185.17,2025-10-29 06:57:39,ok,U,2025-11-08 23:49:05,2
5bd31b42-6ec2-422d-a628-0551be430126,0521ebbe-e5b1-4659-8e5c-a65844e4bc13,CARD,327.4,2025-11-06 21:40:02,OK,U,2025-11-08 01:55:12,2
922fcde5-b8f7-428e-887a-66130c75887f,8afdd6c9-907a-45a2-911a-ab68d2817773,Bizum,1016.35,2025-10-31 09:59:52,OK,U,2025-11-08 09:01:00,2
a79bf02c-419f-4b21-9b90-6b941b6f108f,e328878f-a71b-42be-8849-e6a1a6e10769,BIZUM,165.24,2025-10-26 20:31:37,OK,U,2025-11-08 09:32:00,3
408c2f63-e49b-4cf7-a4b9-800dce0ae289,bbe6d9a9-7a79-441b-84b9-87782fe2ad80,Bizum,38.73,2025-11-03 08:49:43,OK,U,2025-11-08 23:41:03,3
2279227e-2827-4109-bb22-e92659017301,b88cbeb1-9f85-465d-99e8-5a6b89f98cf2,card,1152.41,2025-11-08 12:37:32,OK,U,2025-11-08 03:58:54,2
8fbf7315-4439-423e-88a7-f3ae49789dda,d7f674f3-a49c-4d08-b2c5-902480d43c51,Bizum,1380.09,2025-10-28 10:07:53,OK,U,2025-11-07 02:50:37,2
439fcedd-4d4b-493d-9fd4-8c2962308ad5,32db442c-18a2-47fa-8418-9b960ff8e9dc,CASH,850.24,2025-11-06 02:11:22,OK,U,2025-11-08 03:33:17,2
4503bbb5-b862-4154-92b7-e3ec4c6644e4,0c856b55-74f8-4246-a0a2-76d93bbbd936,CARD,129.98,2025-10-29 13:02:41,OK,U,2025-11-08 21:58:30,2
4c061a97-e3a1-4443-9dcc-1b58dd4f8b20,e9a66717-58b8-476c-933e-cf31a56d3b9c,CARD,838.48,2025-11-08 01:42:42,OK,U,2025-11-08 09:01:48,2
cd54fa24-992d-4dc1-873e-0594abee48df,d704a480-361f-4676-a44b-752f36b63000,card,769.01,2025-10-26 14:38:57,PENDING,U,2025-11-08 04:10:46,2
ba526cf1-53ee-4f6c-8eb2-85f9729dbc42,b10749dc-2edc-45e3-a36e-e97c1b3c41aa,CARD,805.65,2025-10-27 08:31:29,OK,U,2025-11-08 22:26:17,3
0f888a47-2491-4537-ba3f-d1ebcd5539e3,ed65a3e4-9895-4ffe-84e3-447d7f175b32,card,1185.72,2025-11-01 01:19:47,OK,U,2025-11-08 04:03:21,2
15f1f69f-d875-4d8e-a443-6360ed7f4915,7f77f1a9-8619-4938-b17e-bbb588ac8732,PayPal,1289.88,2025-10-24 15:41:17,PENDING,U,2025-11-08 20:26:31,2
5748e4f6-5c58-4910-8fd4-b62e2415c6a8,b744f080-31b0-4f6b-a952-4c8b4db7322f,BIZUM,633.39,2025-11-08 22:13:32,FAILED,U,2025-11-08 10:42:43,2
e6b13d65-778f-46a5-b2a5-f0bbf90d2169,75ad8c10-9e57-4dca-b881-26ed382a1be3,Bizum,1250.13,2025-10-26 17:20:15,OK,U,2025-11-08 09:07:43,2
df9a3a4f-b250-489a-804f-4aabde355c12,073a79a7-49cd-46ad-909e-7429f112f95b,BIZUM,1014.98,2025-11-08 02:24:42,FAILED,U,2025-11-08 11:03:35,2
236e0254-9e92-4db7-b58a-1c4636352fe4,,CARD,907.62,2025-11-06 14:36:11,OK,U,2025-11-08 19:50:09,2
a47678b3-2bbb-4d60-ae40-33ff642f02fe,64e168ec-de0d-4469-8284-e4cff01878c2,CARD,453.1,2025-11-08 18:56:57,OK,U,2025-11-08 04:20:41,3
e77d0d4c-a422-4377-9065-0fe021926cbc,4901b0d6-1537-4db2-9a11-1e38aeff7557,card,1193.26,2025-10-29 02:13:48,ok,U,2025-11-08 15:06:25,2
cd1a8eb2-6587-4174-b2d0-c59d6811594d,3649e875-566d-4674-8ea8-72eda34630bf,card,1119.12,2025-11-08 19:03:55,PENDING,U,2025-11-08 03:04:25,2
a0f3fa17-e807-4162-b992-157d70006e0c,8c4173fb-61f7-4949-ab9b-7a6c43e9dc42,PayPal,454.98,2025-10-30 02:20:56,OK,U,2025-11-08 23:41:17,2
9faa21f2-b6c1-43d9-9e13-7fdbf7179321,6a88ad20-2048-4eff-bab3-48f4d98b066d,CASH,869.13,2025-10-30 05:40:10,OK,U,2025-11-08 09:33:38,2
fa4ee565-056e-4ff2-a20b-0ca2cb155e97,d1d48237-2e00-4ea7-9285-db90b8d1403b,card,588.63,2025-10-31 16:16:51,OK,U,2025-11-08 03:56:48,2
3aa5725e-71b6-4516-897d-985c6da4d6fc,f7b04537-0b46-4449-af36-4228aef380b8,PayPal,279.86,2025-10-31 12:30:29,ok,U,2025-11-08 18:06:22,3
8fd5e081-141b-4538-8cd6-47f0f713f955,d9a25bdf-e551-4f26-8a1c-2cc7b79364a7,Bizum,1031.87,2025-10-24 01:32:22,FAILED,U,2025-11-08 02:59:46,2
45ceb31c-4e4d-4ebf-a59a-a21be780b745,12bd7eea-f1b2-45fd-80ff-ff6d2fb7f875,Bizum,865.15,2025-11-07 23:27:54,ok,U,2025-11-08 19:20:26,3
2501c39c-1793-43eb-9ca2-5754ac080878,9f8cb78a-0911-4d35-a602-00511c9996b3,PayPal,1390.88,2025-10-30 11:22:43,OK,U,2025-11-08 08:31:21,2
da26b7e8-661b-45a9-b51d-60ea2863af14,58f6da7b-057d-4d79-88f9-92193e5c69d9,CARD,650.34,2025-10-24 02:21:09,OK,U,2025-11-08 06:50:08,2
da9df392-864e-456e-be03-a819e2231658,6f577ede-5641-4505-bb40-da801c1ba545,BIZUM,276.17,2025-10-27 17:23:12,PENDING,U,2025-11-07 09:45:56,3
6e2aa527-6575-4127-b29d-6453583efa30,e7febcfe-969e-43da-977b-8696237fc57a,CASH,1486.12,2025-11-10 02:53:51,OK,U,2025-11-08 07:34:09,2
9459805b-10ee-444e-a61d-837a8e5701a8,5aa3c834-1bf4-465e-9a08-3b56e706843c,card,224.72,2025-10-25 17:32:06,OK,U,2025-11-06 00:45:25,2
1197074c-d042-49e9-8890-9cf0f888c117,ac41c2d3-25c1-4987-a084-da129cd1e1aa,CARD,317.32,2025-10-29 12:23:36,OK,U,2025-11-08 21:11:06,2
df87b10b-4fbe-4b0d-9207-3659aa572965,8691f985-0eec-4a29-a3ac-9ee2b079685f,CARD,22.11,2025-11-08 22:00:15,OK,U,2025-11-08 08:04:40,2
7b279265-129e-459b-9690-3ad618ede6ca,f5d4e5f0-b6f1-430d-920d-97f52332e6a0,CARD,974.45,2025-10-27 05:28:31,OK,U,2025-11-08 14:48:23,2
f9a64535-e482-4fe6-8fdf-dc93babfb9d5,042cf561-0d02-47ee-95d7-9d0691760bb3,card,498.05,2025-10-25 13:18:11,ok,U,2025-11-08 08:10:17,3
06cafe29-88e8-405c-9321-ae2f09940216,,CASH,974.36,2025-11-05 09:24:11,OK,U,2025-11-08 09:10:20,2
0d666665-d731-4a34-abfc-41be1d1bce52,f6cd4fc6-b527-45af-b2f9-3e5936573234,PayPal,674.32,2025-11-04 02:22:27,OK,U,2025-11-08 05:19:30,2
67ffd71a-2f2c-49d0-966d-b1f75947e07c,7a6adf61-f0d6-47d1-9d38-f3ad3c83bd5e,CARD,636.93,2025-11-07 08:02:47,OK,U,2025-11-06 07:37:16,2
3502b3ea-0a21-423a-93b4-917c3b6a581c,3e856994-7a47-4548-ae26-46ebc47b9d72,CASH,1623.84,2025-11-02 00:25:04,OK,U,2025-11-08 11:51:31,2
16415d59-2281-470e-9e3a-53dadbce1284,4ffedc57-0f44-4af9-b942-e3f6912a9a49,BIZUM,535.04,2025-11-10 13:41:58,OK,U,2025-11-08 03:57:02,2
357c7609-905f-4008-a12e-94962fcc2b9a,5be276a6-9814-47d4-9621-ca26c6bd8101,card,83.14,2025-11-02 20:19:35,PENDING,U,2025-11-08 01:21:57,2
55bf34a3-a69c-4c12-9a34-42f6e5d4b586,49fe21e7-76a4-40ec-bad1-5d13cea1fff4,Bizum,1316.47,2025-10-29 10:34:40,PENDING,U,2025-11-08 02:27:00,2
e9d1f819-4f39-437c-8b1f-5180fd196d29,b2249272-1d6f-4fdf-be1f-efe123e6f784,Bizum,802.95,2025-10-27 13:38:48,OK,U,2025-11-08 13:02:55,2
50d2da0c-1c6d-4624-925c-52fb050e5e09,3d37f83b-c7b3-44ba-b91e-d520901adc3c,Bizum,1090.54,2025-11-07 02:44:12,OK,U,2025-11-08 02:40:11,2
a6ef8d7a-6a73-4700-a7d7-163aa7e1cc3f,81774a67-5ff3-4ba0-a00c-6e369d1bc560,BIZUM,1090.89,2025-11-04 12:45:10,FAILED,U,2025-11-08 15:58:27,2
e3f046de-4048-4233-9242-dbd86e31790f,fd1f465a-3b94-4b98-a645-7ec42bdfd965,card,219.57,2025-11-07 04:45:16,PENDING,U,2025-11-08 03:39:21,2
56b33175-fe81-4d72-bff8-1ae29b0a34c8,765e41cc-23ea-4362-9db6-58dfb4ea1cef,Bizum,266.34,2025-11-04 23:49:50,ok,U,2025-11-08 00:43:52,2
9a5c339c-bfb1-4dba-8271-e4e61350f959,115c8642-cee7-4c12-a238-a2c762b33c63,PayPal,503.44,2025-10-25 00:15:08,OK,U,2025-11-08 10:45:53,2
abd65b67-f1d0-4309-b43a-b1e1c639eef7,b7fce083-a63f-4c0a-9821-0544c3aa33b3,PayPal,19.83,2025-11-11 17:20:24,OK,U,2025-11-08 18:24:53,2
e5ca67bc-1cc2-4f1c-80cc-3ba1f008d477,83a377ac-f4a4-4b28-a843-cf6d60a448d0,PayPal,1496.62,2025-10-25 07:38:18,OK,U,2025-11-08 12:16:48,2
ebb4d878-5a44-4418-ade7-06bff3dcf3c7,c51b2b73-f610-42b9-88e1-969538cb57c3,CASH,1448.76,2025-10-26 23:16:21,FAILED,U,2025-11-07 02:47:01,2
5b84de6e-22d3-49f8-b596-c0e635366ebf,89aeb32a-52fa-4d3e-8706-956954bdb5de,PayPal,91.89,2025-11-11 10:35:47,PENDING,U,2025-11-08 10:58:00,2
97bb1620-dd72-447e-aa28-3fc3cfd76397,65973136-6a6d-40c7-9992-cf5572cffddf,Bizum,870.56,2025-11-11 23:34:32,OK,U,2025-11-08 19:38:06,2
94982450-da68-4a33-b6fb-e6315a0dd4ab,2b7cc2bb-8931-400d-bfc1-0c3d429a2c52,PayPal,86.92,2025-10-24 11:13:08,PENDING,U,2025-11-08 23:03:52,2
4df03643-20c8-4b8f-b386-483d8ea8b837,959bb5ff-d57f-45b1-9f02-467d0a6109f9,CARD,109.36,2025-11-05 05:46:41,ok,U,2025-11-08 05:06:16,2
f4128d7a-8832-428f-b5f5-fec25b27920e,4633fda6-317a-4c8f-8785-2f70e0b6e439,CASH,242.05,2025-11-07 05:37:27,OK,U,2025-11-08 15:15:50,2
c3ccd888-2ea2-4f71-9d2c-d6db28ddf1bb,e79fb42f-819c-4474-8068-c392cff618ba,BIZUM,692.58,2025-11-08 08:09:26,OK,U,2025-11-08 15:39:09,2
ba56a716-a227-4673-beff-3b9a3dec4fd8,6d82cdef-f33b-4d26-a99d-a8abde0e78cb,card,880.04,2025-11-04 15:44:53,OK,U,2025-11-08 18:04:16,3
84d8c78e-3159-4e49-852d-90c5dbd1bc03,a4343c4c-3ac3-4b95-bbd9-b5590cd751d6,BIZUM,1098.95,2025-11-01 21:53:25,OK,U,2025-11-08 07:18:58,2
0e973b88-0631-4c5f-b56c-09799d218476,4350bea7-ff24-4ae9-9e83-65d469378b85,CASH,1157.72,2025-11-03 00:48:07,OK,U,2025-11-08 22:42:10,2
88282afd-8755-4616-ab83-2e0b4a16e16f,62b326de-e075-43a7-b881-63257a29eb45,PayPal,1217.71,2025-10-25 13:56:28,OK,U,2025-11-08 15:35:23,2
443655fa-33d9-4ac3-8ba4-f5a6754a9a7b,582b4660-eff4-4cf6-9644-95a54f3fd68a,Bizum,1004.16,2025-10-27 13:16:39,OK,U,2025-11-08 13:12:57,3
eebed468-0642-4daf-aa11-5798cc1be4b2,b54f7ef0-05fb-436e-acf9-6fba54f5e18a,PayPal,602.19,2025-10-31 19:49:40,OK,U,2025-11-08 11:02:08,2
bc043763-82a2-4d82-93f6-7ae432447813,eee98be5-cabc-4ae4-94d0-af6412fdfbe5,BIZUM,249.24,2025-10-31 00:41:13,OK,U,2025-11-08 13:02:34,3
665e85b3-f915-49d3-9c61-3e641cd25dd8,770a1558-79f4-49ef-97bc-04b448ae9b32,Bizum,869.03,2025-10-24 07:41:56,PENDING,U,2025-11-08 04:24:51,2
878117b5-27ab-4e52-bf3d-40b3599db1a2,b203b000-7b28-48cd-8653-56c002bac1a6,CARD,730.29,2025-10-31 11:22:44,ok,U,2025-11-08 00:57:17,2
969ec667-f641-4bf6-877e-f474408e4439,e8fad154-dd6a-4846-9bd8-cfe355249da2,CARD,897.45,2025-10-28 15:01:12,OK,U,2025-11-08 10:22:28,3
bbe145ce-b75e-4c48-8613-dd3901dfd00a,59eb4b7f-c81a-4066-a620-935f469bda76,CARD,184.1,2025-11-01 10:39:48,OK,U,2025-11-08 23:07:25,2
70976b51-acf2-441b-b1c9-3557a25201b2,753b7490-56ae-4166-b48b-589e7f43b3fa,CARD,1418.18,2025-10-28 21:47:07,FAILED,U,2025-11-08 08:02:13,2
e182fa45-49c4-4faf-a8c1-22b999aaec64,35cd903a-0870-4f82-8f6d-93a4ace36ac6,PayPal,1134.57,2025-10-28 19:33:30,OK,U,2025-11-08 19:42:08,2
ce11bc29-b1fe-4420-847f-2ce2df67c908,9371f51d-3ec2-46f2-bb6c-09c2eb18a1a9,BIZUM,655.88,2025-10-31 04:13:44,OK,U,2025-11-08 12:43:36,2
ea63a3ef-c725-4dc0-8a3a-51e5aa4893b2,639d4b62-9eee-4dc4-8ac8-00d4b04b57d8,card,332.51,2025-10-27 07:12:21,OK,U,2025-11-08 05:43:22,2
f785f6fc-d7d9-4b94-b1c2-fc6c62e5dfb5,8a6059a5-c4e0-4640-9236-5c75c452ff8a,card,252.0,2025-11-04 03:36:45,OK,U,2025-11-08 23:15:43,3
92a7e820-e36f-41c3-98c5-93b6fc4f1dfb,9c03ff9a-84c7-477e-b0ee-1135114caeae,BIZUM,1150.72,2025-11-09 07:49:37,OK,U,2025-11-08 02:31:26,2
bc86f593-0996-44a4-a354-f61cd3b9f7bb,5dbcdf2d-ef16-4c9c-a05a-a28df224f0b0,Bizum,977.86,2025-10-25 22:22:38,OK,U,2025-11-08 08:02:19,2
3257bba6-5e83-42cd-816e-da5897097de9,1b7f15a3-7dcd-4224-bae0-5285839b8309,BIZUM,592.15,2025-10-26 20:21:11,OK,U,2025-11-08 02:50:35,2
d21e7ea9-a6f1-4e47-9954-11c84517e239,1ea0aee2-7c2b-41c8-81a0-da349ae06e51,Bizum,740.04,2025-11-11 20:39:43,OK,U,2025-11-08 03:50:14,3
08e00c39-28a4-4fec-aab8-c9b3ae776f42,5cfaac99-aecf-4ba9-aef8-096780fb572f,CARD,683.63,2025-10-27 18:01:27,PENDING,U,2025-11-08 14:35:18,2
bbc6ad24-b8f7-4672-960a-41451b8d2ff3,ab56280a-8dec-4550-b401-9617e2234ab2,BIZUM,352.72,2025-11-04 06:47:10,OK,U,2025-11-08 20:19:14,2
dfcde7bd-7055-42f1-a4d6-d7041df42c30,540b0ecc-0511-4536-809b-c88d4e015f01,card,1527.09,2025-11-07 15:36:12,OK,U,2025-11-08 05:51:07,2
e72361b3-ef39-4715-9383-425d9ea65aa0,0ab3e81e-d46f-478a-9fe8-ce51dbd5845c,CASH,640.34,2025-10-31 08:21:17,OK,U,2025-11-08 03:26:43,2
30ab20fd-58bc-4e1b-ac5a-dc6ea49d1e31,f9af3157-3ea4-449a-9717-89c264ac28da,Bizum,1477.52,2025-11-04 00:48:52,OK,U,2025-11-08 17:14:39,2
82ff62c3-baf3-44f4-802f-c135e8fa6da6,2f0af8ca-8ea6-4518-bb00-0c61be6e0ba6,CARD,219.75,2025-11-03 18:22:35,OK,U,2025-11-08 17:46:25,2
ee5d057f-f8fa-4c10-ad0e-fdab7aeaa5ac,9d6206c3-7d03-4c2b-9614-4bd24f46b5cb,PayPal,544.16,2025-10-25 00:28:53,OK,U,2025-11-08 04:35:33,2
befc61c1-29ec-497e-a89c-ab3ea8214eab,11f45d19-a900-442a-865d-3ec533f3cb19,CASH,137.91,2025-10-30 02:18:47,OK,U,2025-11-08 16:38:10,2
1fd70e99-4d4f-4406-88d5-b3df998ef2c3,c7e5d081-c5a6-455e-8386-b93ba53755c8,card,1103.56,2025-10-27 22:37:52,OK,U,2025-11-08 08:31:52,2
d1c69943-0690-465a-8b24-6a1f44dee932,a896da49-d43c-43cb-bf84-400425f4bcf7,Bizum,184.34,2025-10-30 23:12:26,OK,U,2025-11-08 09:30:06,2
b047dfff-4634-4f08-af21-a3368cbde274,349282af-de7c-4f40-a566-ffd4e7029dc6,Bizum,911.7,2025-11-11 21:50:15,OK,U,2025-11-08 15:31:54,2
11d47d7a-6648-4060-9dcd-b5c892225316,fbd724f6-18c6-414c-b53c-a913ae53de04,CASH,1114.7,2025-11-09 15:13:46,OK,U,2025-11-08 10:00:40,2
55aad876-40d1-4c3a-8166-ce40a48d9072,9f527dbf-c536-48d6-bbc5-c57cab31a36a,BIZUM,1073.96,2025-11-04 18:21:53,OK,U,2025-11-08 12:20:13,2
9a5e4720-10bb-4b12-b777-8b0d0ebc025a,f88c4f62-6028-49a1-87f6-dc3430a089d9,PayPal,285.75,2025-10-30 06:28:26,OK,U,2025-11-08 13:58:02,2
23fcefce-3890-4045-a898-d254389d8f45,914024a1-3e53-4c9c-b9bd-b95b5bf696dc,card,875.68,2025-10-27 20:00:53,FAILED,U,2025-11-08 22:17:40,2
ce9f3478-5452-43e9-bef4-c930330c8519,dfb45f83-e726-41db-ac08-70d5d4be8ba6,CARD,718.31,2025-11-05 18:16:33,OK,U,2025-11-08 16:37:53,2
48db498c-6f7a-4791-914d-aff04286dae6,a9bcbb00-6c46-44c0-b377-8a44e77ce4b9,BIZUM,341.14,2025-11-08 14:17:11,OK,U,2025-11-08 14:26:02,2
a5d3ed72-b45e-4c16-88ad-625bbb407747,1a99b143-4ba6-4b81-9d87-e93eed2bc48a,CARD,442.39,2025-10-24 14:02:34,FAILED,U,2025-11-07 15:41:15,3
70691235-67f6-4adf-aed1-ada766efced4,16ff3c15-5916-47d2-b20d-7625018da82d,card,427.29,2025-11-08 02:11:02,OK,U,2025-11-08 02:11:42,3
6786af53-959a-4cd1-982b-ea0a54b9dd32,2f34132e-447e-469b-a6f7-90b7339293da,card,91.25,2025-11-05 22:02:19,OK,U,2025-11-08 13:36:02,2
4fb7931c-920c-44f4-8db6-d43b5593bd01,5db397e0-d2c7-47f1-b7b8-4d19761151a1,Bizum,1054.46,2025-11-11 14:09:58,PENDING,U,2025-11-08 10:49:12,3
544c003d-22d2-4008-81d2-0b2f5d207d89,8075c4f1-1a96-46e3-af12-238ef3a9720e,CASH,409.22,2025-11-05 04:08:18,OK,U,2025-11-08 07:36:23,2
82cb8237-12fa-4cee-aef9-3b6cb59427e3,63c36c57-7031-4d85-9999-a1cc39329d6b,CASH,181.29,2025-11-02 10:22:51,OK,U,2025-11-08 22:54:02,2
46a805f5-e898-4438-8416-f68926ee3173,7157dddb-580f-433a-9a5a-412cc92f7454,BIZUM,876.02,2025-10-26 20:42:44,OK,U,2025-11-08 03:57:37,2
2e9b9ea2-df04-4605-8e71-a8af32ed5520,60200988-c76c-479e-86b6-11866e37b9ad,Bizum,22.01,2025-10-26 11:30:37,PENDING,U,2025-11-08 15:06:42,2
3f13fa7c-a544-4543-90c6-a8394284178c,40c26b5c-0aad-4bc3-abdc-2bef018bde71,Bizum,201.66,2025-11-05 06:10:39,OK,U,2025-11-08 03:25:13,2
c745137a-7a32-4cff-93bc-9ed0d69e808d,7a919438-b8cc-470f-a9d7-a2bdfb63d11a,CARD,416.7,2025-10-25 01:30:41,FAILED,U,2025-11-08 01:07:15,2
1e903648-5f31-488e-80f7-9c06041bb921,4ff053a1-dc1f-490b-b56b-a4276622eb16,PayPal,718.05,2025-11-05 12:20:00,ok,U,2025-11-08 20:17:01,2
0aa29a54-74a6-43be-9dc1-f52764ba0b90,27c872bd-ecc4-427f-a108-072ee2a777d1,Bizum,1200.24,2025-11-05 20:03:15,OK,U,2025-11-08 18:58:30,3
f2241295-d457-44ce-b8f0-4ab168656811,83bdcc66-6718-425b-aa5a-957d4c6660a8,BIZUM,717.46,2025-11-11 18:21:08,ok,U,2025-11-08 19:26:18,2
0572a9f9-97f3-4109-9b79-162843df4e34,66bba004-07b9-48fc-8a1f-1a2687b2e94d,Bizum,1170.62,2025-10-25 12:16:32,OK,U,2025-11-08 18:39:20,2
96a2d9f2-4a19-4d46-ad69-473c7cbee1e2,9b405802-33ad-408a-94c5-68a2b6e23e54,PayPal,1136.67,2025-11-10 06:04:20,OK,U,2025-11-08 14:54:17,3
408c2f63-e49b-4cf7-a4b9-800dce0ae289,bbe6d9a9-7a79-441b-84b9-87782fe2ad80,Bizum,52.59,2025-11-03 08:49:43,OK,U,2025-11-08 15:28:30,2
ecf2d4a8-2408-480b-b43d-646cb6df0c8e,550574c5-3473-4912-8383-f8022ba02f41,Bizum,470.73,2025-11-01 14:38:42,OK,U,2025-11-08 08:01:01,2
6d7849b9-099e-432d-9e20-67b4042bebc9,404e8fd3-ea70-4167-aac4-945175679529,Bizum,1079.86,2025-10-30 01:40:02,PENDING,U,2025-11-08 13:46:07,2
f08d813f-dae6-4a69-b1fa-8ee4d05fe5f3,a47f10d4-b41e-4692-8b90-d6cc51975510,Bizum,521.72,2025-10-24 09:46:17,OK,U,2025-11-08 17:32:57,2
4e7d94f3-cc5c-48b0-bea5-830feb778e4f,93010953-ba59-4257-a9a0-b4c3d9d1913e,CARD,413.93,2025-10-27 11:01:17,OK,U,2025-11-08 21:29:18,2
d465b881-4cf7-417d-b4ce-41e809ad708d,d2a63aa6-3a7f-46be-9b9e-3f82a5929988,CARD,996.73,2025-11-04 13:39:03,OK,U,2025-11-06 18:08:00,2
5188334b-e33c-4d2d-8231-30db09b8b4ff,3766a45c-dd69-4ef7-bfaf-cbf6c54a0ac7,Bizum,1554.04,2025-11-07 10:38:58,OK,U,2025-11-08 07:03:43,2
dd415cad-466f-468d-a774-0db96863ca4d,6adb2cd7-8762-4e29-8d0f-845423efd8a4,PayPal,293.21,2025-11-02 03:42:23,ok,U,2025-11-08 09:08:13,2
60351fc0-20f1-469a-8535-c495367a6a29,a90c1856-f325-4b31-b8c3-fc26d24874de,CASH,305.72,2025-11-05 19:39:55,ok,U,2025-11-08 05:40:22,2
78c00e7d-c872-48f4-a27e-9f19ab3b0fe8,40196c06-c99c-4eae-a8e0-b5ac04660103,BIZUM,1031.81,2025-10-27 09:14:37,OK,U,2025-11-08 11:43:09,2
d720bf05-c4cb-4021-abd4-aceeb093d4c8,8deda95e-d047-49c2-b409-fda4b59a52f2,PayPal,175.7,2025-10-26 19:46:35,OK,U,2025-11-08 19:00:12,2
124eb5d6-b523-4d2f-abed-846a00ddcb1d,16e5b1ae-12e3-4bd8-96e8-b2cdef6fc348,CARD,130.6,2025-11-11 11:31:28,OK,U,2025-11-08 08:24:14,2
a127c0cc-dec5-42e9-95e3-61977e8cd430,ddd15ec9-2afb-4d0b-9756-e60d1a48c292,CARD,117.21,2025-11-02 00:25:08,OK,U,2025-11-08 23:25:22,2
55adfdaa-6823-43d2-8dc9-5af81daa8b02,dafb85a5-0b06-4de8-ac89-55e6001b86fa,CASH,559.6,2025-11-01 03:56:32,OK,U,2025-11-08 00:51:33,2
410fc6cf-1103-4823-8e03-4d2f1b01ef12,9622fefc-a09e-4a0a-b5b3-97f132d4aab3,CASH,27.36,2025-11-09 11:43:42,OK,U,2025-11-08 23:40:52,2
759104e3-8a93-479e-a8b7-c8b08e7db083,994b76e2-073d-4a05-b2b8-74380bfc06f0,card,943.1,2025-11-07 21:04:11,OK,U,2025-11-08 01:14:09,2
abde8ea8-5cfb-4f29-9d3f-4f8fcd0bd5fd,c54220b3-e2c4-49d7-8ff2-2422ea7e9b19,PayPal,131.9,2025-10-27 21:58:33,OK,U,2025-11-08 14:35:55,3
a928c158-b29e-45ca-b3ef-e4e6551abf82,83e68953-4379-4c73-a2a3-db2708f23f92,CASH,1444.66,2025-11-07 18:13:33,OK,U,2025-11-08 00:28:41,2
14aa6df7-e48f-42ec-911a-c89a6f3d87a9,,BIZUM,219.3,2025-11-10 18:15:31,OK,U,2025-11-08 00:53:30,2
fd4c2d6b-2b3e-4997-80ad-d22d26238cf0,f2c570d4-3f06-4137-bb25-8922d44b018f,PayPal,1414.86,2025-10-24 14:35:25,ok,U,2025-11-08 20:52:07,2
32fd091c-32e3-4bed-b71e-76b70d778910,9d392555-ad86-4d4d-837e-e36a4be67fb0,CARD,688.48,2025-10-28 05:21:29,OK,U,2025-11-08 09:46:03,2
f4d39551-5863-4b29-b559-fec27e5697d7,3a5ef5ea-f687-4e9d-9cd4-cb238a7edff5,Bizum,1094.79,2025-11-04 19:01:43,OK,U,2025-11-08 12:52:55,2
36ada1a0-40fc-40a0-b11e-fd6f91edf947,d5b74ce3-1e01-4e55-9044-0ee557813793,CASH,746.74,2025-10-24 00:09:35,OK,U,2025-11-08 02:24:56,2
f81a647f-673b-4c41-a7ff-d6e191930172,572bf9b0-32ef-4b28-aee4-01916be8e2ea,card,720.04,2025-11-11 04:30:19,OK,U,2025-11-08 22:46:07,3
5625a5d2-3a68-44d3-a845-3f2ac9d44975,7dba6678-abdf-4608-94ea-0fb1d5663093,CARD,788.22,2025-10-29 00:57:23,ok,U,2025-11-08 12:25:31,2
4d753590-616a-405b-9e65-62963849d0a9,7cdd6f5b-8a17-455c-87da-9f437d99ce1d,CASH,256.66,2025-11-04 22:28:26,ok,U,2025-11-08 17:15:17,2
2e500d6a-0faf-4f76-a72b-9083ebce3157,4233af8d-3874-46ec-9aca-e76384aaa32a,Bizum,423.24,2025-10-31 21:53:25,ok,U,2025-11-08 13:23:13,2
40bdfbf2-51dd-4943-a324-b4e6a604dd51,71dd1c81-b378-49d4-972c-03f25b6f973c,Bizum,985.04,2025-11-01 03:14:18,OK,U,2025-11-08 03:16:04,2
ab5687fd-356f-4e47-b00b-156bd3e57698,006163bd-a25b-40ae-a51d-7334dfcdf8f3,BIZUM,409.9,2025-11-01 12:02:12,OK,U,2025-11-08 06:19:52,2
7bded03f-7039-4f99-95f8-3cef355476c5,c086c209-713b-4deb-96b7-2353a8aee870,BIZUM,886.76,2025-11-01 13:24:56,OK,U,2025-11-08 06:45:23,2
42db839c-87f3-4f70-92e3-dde668c1131b,ae3e5a4e-de26-40d2-9d08-ce8aed862f3c,PayPal,767.14,2025-11-09 06:38:46,OK,U,2025-11-08 16:29:55,2
9c9b5c01-72a5-40be-b9c4-b3bfbae74efa,e2ddf3e2-c989-4426-9094-b8769a947d7c,card,1007.66,2025-11-07 11:29:51,OK,U,2025-11-08 20:53:40,2
5d48dee2-91d2-4daa-8f50-9df4933b753a,5a1ef502-4f7a-45e0-9568-8a451b15557d,CASH,126.27,2025-10-24 23:49:59,ok,U,2025-11-08 19:09:46,2
5398be8e-8f48-42c1-9eab-02b4bfb8af79,0999d1d2-15f8-42e1-954e-6963cff4a5bc,CASH,1098.04,2025-11-09 05:30:43,OK,U,2025-11-08 08:17:34,2
c6f60053-1e8f-4e57-b4ce-2a1bee81a72f,104e2e8f-565f-4ea9-82b9-4deba04a6e57,CARD,515.79,2025-10-31 06:38:42,OK,U,2025-11-08 19:14:18,2
4e816464-2860-421c-97f2-fe2fbd14403d,f840daa2-06f4-4014-97ba-63e2b8e894c2,PayPal,260.91,2025-11-06 06:24:04,PENDING,U,2025-11-08 19:02:17,2
aefca1ae-6f0f-41d0-aa00-7cd743ab1734,718b79b8-8db0-4a62-8da1-4442df34ed77,PayPal,790.96,2025-10-25 20:27:06,OK,U,2025-11-08 04:36:43,2
e9f15505-0a21-4159-b984-ed30f95af77b,a1f852ea-fb84-42ef-a04e-669359676e5f,CASH,270.47,2025-11-07 11:35:15,OK,U,2025-11-08 11:45:31,2
394db82f-617b-45af-9f9d-9fa116edfaf2,35ee3526-691c-4c89-85de-73de7437c64c,CARD,259.77,2025-11-02 02:59:07,OK,U,2025-11-08 16:54:05,2
4a9e6a5c-9e6f-4745-a0b3-1dbbd970c8e3,0228c7d5-88f3-43b4-9e03-4f9eb324a93f,Bizum,985.39,2025-11-06 23:17:19,OK,U,2025-11-08 03:31:29,2
bd55cde8-544a-47e8-b9df-8c1fb89e98be,2b639e64-542f-4274-b07e-f01eb2a69f86,CASH,119.9,2025-10-29 09:31:19,OK,U,2025-11-08 02:36:09,2
ac8dbafc-6657-4aa2-adf3-a44cf55b88cf,0c3495b3-bb90-46ae-9ea0-bc263349ad2b,CASH,660.41,2025-10-31 18:40:00,OK,U,2025-11-08 09:28:43,3
ac1728ba-64a3-4587-bf89-25157351af15,63e1b65b-6d11-4f64-a25f-9a25271ef526,BIZUM,368.6,2025-11-04 17:49:10,OK,U,2025-11-08 00:04:19,2
6a217ef6-e842-481a-a1cb-37748afe635e,6c8ce04d-92e4-45c8-b046-52e738b86fdd,CASH,838.56,2025-10-30 21:23:13,ok,U,2025-11-08 13:20:59,2
6849df85-41a1-417c-b73e-ec4cb7a7e371,c3280d33-830b-4b82-814e-7c0b6b0cece8,PayPal,30.68,2025-10-27 15:41:03,OK,U,2025-11-08 04:17:38,3
6994c52b-3cb5-4ee1-b95a-12d58bb7e778,da7c7f39-7db9-4535-845c-c65f1fd77642,card,928.1,2025-10-31 11:05:38,OK,U,2025-11-08 19:43:35,2
846ac9d6-5115-49aa-a2a6-765a3a286052,429eada3-7c51-4762-8309-9234c150c3ed,Bizum,663.38,2025-11-07 05:41:49,PENDING,U,2025-11-08 16:04:56,2
d867e8f4-6291-407b-8f57-a41b9a68ae92,bb04bdb5-7ac1-4a4a-9af2-c2772c389066,BIZUM,245.15,2025-10-30 10:49:25,OK,U,2025-11-08 14:24:13,2
d78aef47-d1b8-4ffc-be04-caa884eb6c60,48d4fd51-fd15-46e5-870e-33ec5838a982,BIZUM,76.04,2025-11-02 12:43:32,FAILED,U,2025-11-08 19:39:23,2
8e6c6de6-b00c-4bbe-a57f-71c216f7c48e,736bf3fd-0f1e-47f0-9296-183528a230ea,BIZUM,875.7,2025-10-28 17:41:26,OK,U,2025-11-08 01:55:01,2
8f1ec852-0e90-4364-befa-4285dd5bf23d,2468b50c-18a4-4c63-a86e-2242ee2a8f15,CARD,1327.3,2025-11-04 16:01:36,FAILED,U,2025-11-08 17:57:16,2
77cff91d-e854-4902-8935-d1b59c897950,8d46a848-f6f5-45d8-b421-a55b74c38493,BIZUM,496.94,2025-10-24 04:57:59,PENDING,U,2025-11-08 05:11:08,2
cd9ba127-ea49-45ef-b3ca-6ad306560c8c,e82a59bd-f6b5-4367-8189-d993f316461f,PayPal,1249.1,2025-11-05 07:22:17,OK,U,2025-11-08 19:52:31,2
5710f99e-d3bb-4b74-ac1c-720f9d08d9af,4eb08bfc-9feb-42e8-b184-12380cde1cc7,BIZUM,1333.0,2025-10-28 07:40:28,OK,U,2025-11-08 20:47:53,2
bfea0c52-eb4a-4f04-9f6e-1f17d8a03e9d,f3311696-0436-40db-80c3-02f82aa9a7c6,Bizum,652.9,2025-11-07 03:21:04,PENDING,U,2025-11-08 00:21:11,2
32ee7c47-6d19-4c03-be31-fd32c4acff8c,899ace97-6aff-414c-9c2b-2cea03c56248,Bizum,787.31,2025-10-31 11:03:51,PENDING,U,2025-11-08 20:44:16,2
82039c14-6dd2-4f0a-bf9d-165d01a31b2e,ffb0e599-e5af-49f1-9178-5c263c099fc1,CARD,380.55,2025-11-01 08:01:30,FAILED,U,2025-11-08 08:27:05,2
1cd4ee62-ac73-4b5d-b63a-c49f84356a1a,1777f8f8-1c5a-4c6e-9ff7-bdbc11cb19f7,CARD,1171.01,2025-10-28 20:16:16,FAILED,U,2025-11-08 07:44:09,2
4ffdab87-d552-401f-aa28-06d89c703287,793619ab-a2a7-41af-bea9-f562311e84b6,CASH,689.9,2025-10-31 03:48:16,OK,U,2025-11-08 15:02:03,2
6386636f-1036-4b68-a51e-f05d68126c2b,60c7d2ed-b002-4a39-acba-ea07ada7b7ea,PayPal,718.11,2025-11-06 23:15:35,OK,U,2025-11-08 07:38:54,3
6c739904-6402-4848-8dd6-001cb00f86e3,02a4707b-9255-4c9f-9430-75b574086a2b,CARD,190.13,2025-10-25 14:58:20,FAILED,U,2025-11-08 11:12:00,2
3b345e6e-cbdf-41f7-b16c-b3d393b0b8e3,a8276690-714e-4e45-883f-318a95107aed,CASH,585.76,2025-10-28 01:21:55,OK,U,2025-11-08 12:53:48,2
dfcf6536-f7e5-4489-abf2-aef4c5034f3d,e3119c15-ce52-40c3-a26f-e6239caa71ad,card,479.97,2025-11-08 15:08:27,OK,U,2025-11-08 12:50:07,2
55ff99ae-5cbe-4de5-a677-30788c476abc,53950dac-90ac-42e8-81ba-6fedd1eaf13f,CARD,1234.09,2025-10-29 03:32:59,ok,U,2025-11-08 16:33:54,2
7aff8afc-f34b-4712-9169-374e09980122,fff0910e-721e-48ee-a15f-d5939c9e5fea,BIZUM,562.1,2025-11-04 15:41:59,OK,U,2025-11-08 18:39:26,2
fa806db0-3420-4b53-b154-788981bb08b0,7e305a28-e51d-4e7d-b60e-820fa44a4839,CASH,1561.84,2025-11-03 18:25:30,OK,U,2025-11-08 17:13:07,2
77e7fd9d-3c6e-4f28-8ff6-204ce68ef4f7,505c69ee-992d-410d-892c-b8cf35ee7adf,CARD,165.47,2025-10-31 21:58:53,PENDING,U,2025-11-08 14:56:03,2
c50841b3-0815-44bb-b75b-3de417261f15,,BIZUM,510.75,2025-11-09 05:45:48,OK,U,2025-11-08 19:36:41,2
e1cb3e63-a675-4f30-8758-1c31cdd1f77c,10cdbac4-c6ca-43ea-bfe1-c2f17266a3b1,PayPal,864.79,2025-10-25 23:14:26,OK,U,2025-11-08 20:42:44,2
b6c4195a-af4d-4f2a-a1a6-b1c8c02ac9a2,8798bf5b-40bb-4291-b6dd-dccded109643,BIZUM,1484.79,2025-11-01 18:12:49,ok,U,2025-11-08 16:41:24,3
1ee65b85-b361-4557-8894-66295d87f165,73f7f03b-efe2-4516-9ae4-f197fb3a13bd,PayPal,253.68,2025-10-31 05:18:39,OK,U,2025-11-08 21:46:26,2
d65bd1ac-fc3d-41e7-8637-172c2e35e24e,5480db95-af63-42c3-a269-f7524830a44c,Bizum,814.34,2025-11-06 00:22:43,OK,U,2025-11-08 05:01:02,2
de9a83e8-f440-4ec2-8b39-4c13ba7f0f85,1bcf782e-300c-4451-9ae4-de3373741d22,Bizum,1089.85,2025-11-06 17:50:09,OK,U,2025-11-08 10:58:59,2
5eee047f-2a6c-40a6-8e8e-7bea2aa01472,3bd3105e-a553-45c1-bac4-7f64d368915d,card,266.21,2025-10-26 21:24:15,OK,U,2025-11-08 17:18:33,2
8f71dab6-0350-4f6a-8ff8-9a547c8b91e8,161dada5-6f39-450d-9db7-da839c35dbb2,PayPal,644.37,2025-11-07 18:49:17,ok,U,2025-11-08 14:54:46,2
da26b7e8-661b-45a9-b51d-60ea2863af14,58f6da7b-057d-4d79-88f9-92193e5c69d9,CARD,874.35,2025-10-24 02:21:09,OK,U,2025-11-06 19:52:36,3
1d7c4c58-7f2b-42c1-b914-8434cd01a986,94acbd6a-dbcc-4f88-87cb-6e73d63ab389,CASH,161.65,2025-10-29 18:52:06,OK,U,2025-11-08 13:30:13,2
eb73f43f-15ea-4fcb-9f24-4bb93b9f72c5,7725fa04-55a0-49bc-bb10-4b8b1f1eb764,BIZUM,1071.74,2025-10-27 09:45:41,ok,U,2025-11-08 20:16:24,3
bc043763-82a2-4d82-93f6-7ae432447813,eee98be5-cabc-4ae4-94d0-af6412fdfbe5,BIZUM,249.24,2025-10-31 00:41:13,OK,U,2025-11-08 10:01:10,2
11aff5fa-e452-4b6a-94c9-c2068450d324,7b2f6064-c584-41ab-aa20-8645c24a7392,PayPal,1302.45,2025-10-30 02:45:42,PENDING,U,2025-11-08 03:47:13,2
ab452cbe-1fe2-4ee6-9406-1ef2f44a2d77,700ab8c1-1dcf-4f0f-bc4a-8bef0e60468b,BIZUM,669.72,2025-10-27 15:35:43,OK,U,2025-11-08 10:19:48,2
4fe3e97a-6d08-4615-8f5e-b8b5efdc4709,4ad675f1-d6e8-49bd-9966-a5211286195d,PayPal,149.27,2025-10-31 09:56:50,OK,U,2025-11-08 03:56:07,2
54d34a07-0536-4f36-afd5-8cb596bb1978,6bca1730-f6b7-4a41-804f-e980a39a9c60,BIZUM,1348.0,2025-10-30 18:54:09,OK,U,2025-11-08 19:42:33,2
13ab1b26-91ab-44ee-863b-16838a73e697,4b367ee1-7387-42d2-9127-bfec5d15948a,card,1304.98,2025-11-03 15:43:53,OK,U,2025-11-08 22:31:56,3
0dd33c87-1a5e-4b3e-961c-73d23b1bb786,b41d1f48-83a8-4a74-bf68-4e15843c640f,BIZUM,275.35,2025-11-06 18:54:18,OK,U,2025-11-08 12:14:15,2
ec1b0434-57c0-47a0-8064-31ccd4f30dfc,9ae6f03b-84b4-4363-ae7b-ada4f3c7f955,card,310.27,2025-10-28 04:39:38,ok,U,2025-11-08 11:06:51,2
67514999-1c89-4267-9ee3-73ce0a29f53e,bcb98285-31f7-460a-80f3-915f0ea41ec0,Bizum,220.27,2025-11-04 02:15:40,OK,U,2025-11-08 01:09:44,2
181d072e-5afe-4af0-a71f-24ff2a9bc0db,f5b24a02-0fe2-497a-b3f4-9ed150bb2c92,CASH,960.98,2025-11-08 00:40:44,FAILED,U,2025-11-08 01:26:42,2
1e034a51-8632-4efe-9c0a-e14dbb5abdce,4827dd81-a1ce-4e32-b687-2bbaa6c54bb6,CARD,268.11,2025-11-07 08:22:08,OK,U,2025-11-08 05:29:11,2
ebb4d878-5a44-4418-ade7-06bff3dcf3c7,c51b2b73-f610-42b9-88e1-969538cb57c3,CASH,1317.05,2025-10-26 23:16:21,PENDING,D,2025-11-08 04:44:20,2
4c7046a7-0b8b-4762-a57d-0f0222a0215b,a51142b1-39ca-4ff2-89f4-c2a738c7afd5,PayPal,168.39,2025-11-07 22:50:45,OK,D,2025-11-08 12:19:03,2
fbfb73ec-5db2-4929-b07e-f8a7277e8ec7,e91925c0-0a86-4738-9f33-7fa66dc162c3,card,983.72,2025-11-11 00:57:20,OK,D,2025-11-08 21:10:40,2
027d70f2-982b-4753-95ef-208ec23d7396,80439709-2f4a-4df2-8e49-bd37ac789081,CASH,429.62,2025-10-26 13:25:53,OK,D,2025-11-08 16:16:55,2
236e0254-9e92-4db7-b58a-1c4636352fe4,,CARD,907.62,2025-11-06 14:36:11,OK,D,2025-11-08 07:40:04,2
79418f46-1272-460a-8da3-535f71578e8a,5b93b916-6d69-4476-9001-a9037acf0f1b,PayPal,671.98,2025-11-09 18:48:43,FAILED,D,2025-11-08 15:17:40,2
434b70f4-c04d-4927-a2b1-1e51619de3f7,5040a6ca-7bf4-4090-b3e1-1c11b787918a,BIZUM,1426.87,2025-10-26 03:59:44,ok,D,2025-11-08 15:46:52,2
f0dce440-8462-4e06-801c-4a4cdba0a542,a7dcc575-f287-4d68-8712-c7d93555fdca,Bizum,427.16,2025-10-25 18:55:49,OK,D,2025-11-08 19:06:18,2
c56031aa-9dc6-4e27-9d19-a29584f19e93,5e6772de-bee8-4fec-9f96-292fab09a8c3,PayPal,536.83,2025-10-26 07:47:40,OK,D,2025-11-08 17:20:23,2
e3f046de-4048-4233-9242-dbd86e31790f,fd1f465a-3b94-4b98-a645-7ec42bdfd965,card,243.97,2025-11-07 04:45:16,OK,D,2025-11-08 12:33:17,2
192f2a08-6b82-41d3-b4d7-2d2a640bbaa2,05645d52-8e2f-41a4-afef-412cc3808790,PayPal,1284.25,2025-11-10 13:31:29,PENDING,D,2025-11-08 12:25:44,2
24b0afd9-f606-478a-998a-1664680e3e19,44b6a85b-e997-40db-bdde-79b3bbdae569,PayPal,960.8,2025-11-06 05:53:37,ok,D,2025-11-08 13:00:36,2
f5b2177e-93c4-4542-8fa6-6b366b9271aa,9a05e536-fa47-43b2-92c1-43065dbe7964,Bizum,729.02,2025-11-07 17:52:25,OK,D,2025-11-08 13:59:59,2
6c76550f-8821-4dbe-9e6c-88b308e1cee2,4d21668f-c600-4055-9362-8511bacddd37,CASH,792.95,2025-11-02 08:29:42,OK,D,2025-11-08 17:13:40,2
3372653a-5269-4292-9a13-89eeb772ec08,be114de6-19a9-4013-abd9-bc4f72056018,PayPal,1269.34,2025-11-05 15:17:26,PENDING,D,2025-11-08 04:16:55,3
6ac71532-2ef3-4298-bbf1-d7209734d551,ab33fbf0-9605-4542-bdfa-d06a962e3ffa,Bizum,1291.9,2025-10-28 00:37:48,OK,D,2025-11-08 01:18:45,3
36d2645e-e57f-45b8-8b00-55b7f756fd08,fad8c2d8-f9fb-4845-b810-b074bb9c5682,CASH,378.37,2025-11-01 10:26:17,OK,D,2025-11-08 21:54:47,2
c0117fe8-5acf-4778-a2e6-512334f1c316,37318cb7-da60-422d-b195-2788e159593b,Bizum,147.29,2025-11-07 14:21:00,OK,D,2025-11-08 05:45:07,2
ee15a0b5-9f56-4798-b68c-615acf7c1bf3,264614c4-0522-4df0-86c3-651882f7e01c,CASH,76.85,2025-11-03 08:05:00,OK,D,2025-11-08 16:18:24,2
3626463d-acde-46ab-8d03-54cbc510e91b,14cd9002-43ff-4bad-a803-9f18bc9561f7,Bizum,1152.6,2025-11-08 17:25:24,OK,D,2025-11-08 08:12:37,2
50c5b36f-7e56-4031-a1ee-34293b64dabb,1a8a4a81-0082-40a0-bf8f-4e81151bea7e,Bizum,1235.89,2025-11-03 06:14:05,OK,D,2025-11-08 05:06:53,2
46fd35b7-d66b-43cf-905c-94b0ced57a32,a25748d8-8f14-4476-a48d-8b3cedbea169,Bizum,987.09,2025-10-30 23:33:35,OK,D,2025-11-08 09:28:10,2
3ca701ac-1e30-4210-99a8-feac2ac1efff,8aa516ae-f385-481a-9494-c3a0d4a06e22,BIZUM,210.2,2025-10-31 10:10:01,OK,D,2025-11-08 18:23:15,2
eee09f7f-ed3c-40d5-95a9-27dd3f98e21e,d8585600-5816-46bb-99a5-ae89a78c9ff1,PayPal,700.26,2025-10-24 14:02:18,OK,D,2025-11-08 22:57:27,2
64d644ef-481b-4a11-b2ea-cdf219353703,81efee95-ff20-463b-b5fc-37dcf3c7457f,PayPal,1062.95,2025-10-30 22:09:03,ok,D,2025-11-08 02:14:42,2
8b706831-615d-48c3-af08-5841c9811bf7,7799a698-ae11-4b60-a5bf-bead5fbde623,BIZUM,400.03,2025-10-30 17:52:49,OK,D,2025-11-08 10:37:30,2
38448fdb-7f9c-42ca-9131-f48315911801,3924094e-108e-4c75-828a-d046480df66f,CASH,1368.11,2025-11-11 09:43:42,OK,D,2025-11-08 06:08:40,2
d78aef47-d1b8-4ffc-be04-caa884eb6c60,48d4fd51-fd15-46e5-870e-33ec5838a982,BIZUM,69.13,2025-11-02 12:43:32,ok,D,2025-11-08 09:26:18,2
8013c440-319a-4b6c-85a5-20fd5fb67e25,7a5759e2-071f-4a1e-9a33-8863a6e37498,card,1094.43,2025-10-24 02:28:52,OK,D,2025-11-08 04:17:29,2
2e500d6a-0faf-4f76-a72b-9083ebce3157,4233af8d-3874-46ec-9aca-e76384aaa32a,Bizum,517.3,2025-10-31 21:53:25,OK,D,2025-11-08 14:01:11,3
4fe3e97a-6d08-4615-8f5e-b8b5efdc4709,4ad675f1-d6e8-49bd-9966-a5211286195d,PayPal,135.7,2025-10-31 09:56:50,PENDING,D,2025-11-08 07:02:43,2
56dbccf7-f2a8-47cb-8bf3-70d920165cd6,d1aa38ef-e855-49c4-925b-4da12b0efaf3,BIZUM,1276.13,2025-11-08 04:50:24,OK,D,2025-11-08 23:27:14,3
afbc4568-6d38-455f-9821-aed6904cba30,85ae5b5f-86c8-44b3-90dc-09859b20de04,CASH,226.85,2025-10-24 11:14:25,OK,D,2025-11-08 23:39:24,2
ea901f3c-2226-434c-9de1-2dcc0565a177,03ffe6c8-1e32-462c-bc41-decf9a9be8d5,CASH,258.88,2025-11-09 21:55:07,OK,D,2025-11-08 23:49:22,2
76e25e07-4d4c-460d-88d8-289b4e6a06c0,7ec45b73-c633-487a-b247-31f0b630c365,Bizum,336.85,2025-11-07 01:25:45,ok,D,2025-11-08 10:17:41,2
e01797d3-0dd4-4e4b-9b3f-57df4e6ea635,c9b56a7c-c94e-48d7-aa58-8bd1ad00478e,BIZUM,124.73,2025-10-26 23:00:25,PENDING,D,2025-11-08 23:14:36,2
cd17a3ee-f2ac-4eac-bc4a-b67f39f20651,36f6f610-058f-4098-be64-a727c0ac5424,PayPal,243.34,2025-10-29 14:14:53,PENDING,D,2025-11-08 08:04:24,2
cd2290f5-a539-4ae7-b940-b963dd695359,1b623b93-0a96-4ee9-8b60-992c3258b648,Bizum,1239.85,2025-10-28 14:40:06,OK,D,2025-11-08 10:09:12,2
e675e9a3-ebf2-4984-ab4b-c53c46bbbd16,09abbab8-d510-4b41-b072-348ab1ee45bb,card,1316.55,2025-11-04 01:31:04,OK,D,2025-11-08 13:25:27,3
0c4b72a2-7f39-41b6-b25c-6076c6f5723f,dfe586be-9728-406d-bdad-ca8fd7fdc3f1,Bizum,278.39,2025-10-25 23:41:43,PENDING,D,2025-11-08 16:22:11,2
55ff99ae-5cbe-4de5-a677-30788c476abc,53950dac-90ac-42e8-81ba-6fedd1eaf13f,CARD,1121.9,2025-10-29 03:32:59,OK,D,2025-11-08 16:01:23,2
4e98099f-8a27-468d-bd0f-79c7a733ad94,0e117194-740c-4b4e-ab03-3b0130280ba3,card,982.85,2025-11-05 15:11:41,OK,D,2025-11-08 09:57:23,2
a7c4c58d-ce51-4658-9d32-734ddd3a932f,b0ac27ce-7936-4a22-8ce2-b0ebf7b5bb07,Bizum,191.92,2025-10-31 12:17:09,OK,D,2025-11-08 14:35:09,3
1939d566-07b7-47bb-933e-52b28695a27c,c1527f86-cb6d-47c9-b096-1d3b20edfb11,CASH,945.96,2025-10-25 01:09:51,FAILED,D,2025-11-08 08:12:40,2
e182fa45-49c4-4faf-a8c1-22b999aaec64,35cd903a-0870-4f82-8f6d-93a4ace36ac6,PayPal,1134.57,2025-10-28 19:33:30,OK,D,2025-11-08 18:21:24,2
8f71dab6-0350-4f6a-8ff8-9a547c8b91e8,161dada5-6f39-450d-9db7-da839c35dbb2,PayPal,715.97,2025-11-07 18:49:17,PENDING,D,2025-11-08 03:34:29,2
